create database if not exists Finance;
use Finance;
-- MySQL dump 10.13  Distrib 8.0.44, for Win64 (x86_64)
--
-- Host: localhost    Database: finance
-- ------------------------------------------------------dim_calendar
-- Server version	8.0.43

/*!40101 SET @OLD_CHARACTER_SET_CLIENT=@@CHARACTER_SET_CLIENT */;
/*!40101 SET @OLD_CHARACTER_SET_RESULTS=@@CHARACTER_SET_RESULTS */;
/*!40101 SET @OLD_COLLATION_CONNECTION=@@COLLATION_CONNECTION */;
/*!50503 SET NAMES utf8 */;
/*!40103 SET @OLD_TIME_ZONE=@@TIME_ZONE */;
/*!40103 SET TIME_ZONE='+00:00' */;
/*!40014 SET @OLD_UNIQUE_CHECKS=@@UNIQUE_CHECKS, UNIQUE_CHECKS=0 */;
/*!40014 SET @OLD_FOREIGN_KEY_CHECKS=@@FOREIGN_KEY_CHECKS, FOREIGN_KEY_CHECKS=0 */;
/*!40101 SET @OLD_SQL_MODE=@@SQL_MODE, SQL_MODE='NO_AUTO_VALUE_ON_ZERO' */;
/*!40111 SET @OLD_SQL_NOTES=@@SQL_NOTES, SQL_NOTES=0 */;

--
-- Table structure for table `dim_calendar`
--

DROP TABLE IF EXISTS `dim_calendar`;
/*!40101 SET @saved_cs_client     = @@character_set_client */;
/*!50503 SET character_set_client = utf8mb4 */;
CREATE TABLE `dim_calendar` (
  `﻿date` text,
  `calendar_id` int DEFAULT NULL,
  `year` int DEFAULT NULL,
  `month` int DEFAULT NULL,
  `day` int DEFAULT NULL,
  `is_month_start` text
) ENGINE=InnoDB DEFAULT CHARSET=utf8mb4 COLLATE=utf8mb4_0900_ai_ci;
/*!40101 SET character_set_client = @saved_cs_client */;

--
-- Dumping data for table `dim_calendar`
--

LOCK TABLES `dim_calendar` WRITE;
/*!40000 ALTER TABLE `dim_calendar` DISABLE KEYS */;
INSERT INTO `dim_calendar` VALUES ('1/01/2025',1,2025,1,1,'TRUE'),('2/01/2025',2,2025,1,2,'FALSE'),('3/01/2025',3,2025,1,3,'FALSE'),('4/01/2025',4,2025,1,4,'FALSE'),('5/01/2025',5,2025,1,5,'FALSE'),('6/01/2025',6,2025,1,6,'FALSE'),('7/01/2025',7,2025,1,7,'FALSE'),('8/01/2025',8,2025,1,8,'FALSE'),('9/01/2025',9,2025,1,9,'FALSE'),('10/01/2025',10,2025,1,10,'FALSE'),('11/01/2025',11,2025,1,11,'FALSE'),('12/01/2025',12,2025,1,12,'FALSE'),('13/01/2025',13,2025,1,13,'FALSE'),('14/01/2025',14,2025,1,14,'FALSE'),('15/01/2025',15,2025,1,15,'FALSE'),('16/01/2025',16,2025,1,16,'FALSE'),('17/01/2025',17,2025,1,17,'FALSE'),('18/01/2025',18,2025,1,18,'FALSE'),('19/01/2025',19,2025,1,19,'FALSE'),('20/01/2025',20,2025,1,20,'FALSE'),('21/01/2025',21,2025,1,21,'FALSE'),('22/01/2025',22,2025,1,22,'FALSE'),('23/01/2025',23,2025,1,23,'FALSE'),('24/01/2025',24,2025,1,24,'FALSE'),('25/01/2025',25,2025,1,25,'FALSE'),('26/01/2025',26,2025,1,26,'FALSE'),('27/01/2025',27,2025,1,27,'FALSE'),('28/01/2025',28,2025,1,28,'FALSE'),('29/01/2025',29,2025,1,29,'FALSE'),('30/01/2025',30,2025,1,30,'FALSE'),('31/01/2025',31,2025,1,31,'FALSE'),('1/02/2025',32,2025,2,1,'TRUE'),('2/02/2025',33,2025,2,2,'FALSE'),('3/02/2025',34,2025,2,3,'FALSE'),('4/02/2025',35,2025,2,4,'FALSE'),('5/02/2025',36,2025,2,5,'FALSE'),('6/02/2025',37,2025,2,6,'FALSE'),('7/02/2025',38,2025,2,7,'FALSE'),('8/02/2025',39,2025,2,8,'FALSE'),('9/02/2025',40,2025,2,9,'FALSE'),('10/02/2025',41,2025,2,10,'FALSE'),('11/02/2025',42,2025,2,11,'FALSE'),('12/02/2025',43,2025,2,12,'FALSE'),('13/02/2025',44,2025,2,13,'FALSE'),('14/02/2025',45,2025,2,14,'FALSE'),('15/02/2025',46,2025,2,15,'FALSE'),('16/02/2025',47,2025,2,16,'FALSE'),('17/02/2025',48,2025,2,17,'FALSE'),('18/02/2025',49,2025,2,18,'FALSE'),('19/02/2025',50,2025,2,19,'FALSE'),('20/02/2025',51,2025,2,20,'FALSE'),('21/02/2025',52,2025,2,21,'FALSE'),('22/02/2025',53,2025,2,22,'FALSE'),('23/02/2025',54,2025,2,23,'FALSE'),('24/02/2025',55,2025,2,24,'FALSE'),('25/02/2025',56,2025,2,25,'FALSE'),('26/02/2025',57,2025,2,26,'FALSE'),('27/02/2025',58,2025,2,27,'FALSE'),('28/02/2025',59,2025,2,28,'FALSE'),('1/03/2025',60,2025,3,1,'TRUE'),('2/03/2025',61,2025,3,2,'FALSE'),('3/03/2025',62,2025,3,3,'FALSE'),('4/03/2025',63,2025,3,4,'FALSE'),('5/03/2025',64,2025,3,5,'FALSE'),('6/03/2025',65,2025,3,6,'FALSE'),('7/03/2025',66,2025,3,7,'FALSE'),('8/03/2025',67,2025,3,8,'FALSE'),('9/03/2025',68,2025,3,9,'FALSE'),('10/03/2025',69,2025,3,10,'FALSE'),('11/03/2025',70,2025,3,11,'FALSE'),('12/03/2025',71,2025,3,12,'FALSE'),('13/03/2025',72,2025,3,13,'FALSE'),('14/03/2025',73,2025,3,14,'FALSE'),('15/03/2025',74,2025,3,15,'FALSE'),('16/03/2025',75,2025,3,16,'FALSE'),('17/03/2025',76,2025,3,17,'FALSE'),('18/03/2025',77,2025,3,18,'FALSE'),('19/03/2025',78,2025,3,19,'FALSE'),('20/03/2025',79,2025,3,20,'FALSE'),('21/03/2025',80,2025,3,21,'FALSE'),('22/03/2025',81,2025,3,22,'FALSE'),('23/03/2025',82,2025,3,23,'FALSE'),('24/03/2025',83,2025,3,24,'FALSE'),('25/03/2025',84,2025,3,25,'FALSE'),('26/03/2025',85,2025,3,26,'FALSE'),('27/03/2025',86,2025,3,27,'FALSE'),('28/03/2025',87,2025,3,28,'FALSE'),('29/03/2025',88,2025,3,29,'FALSE'),('30/03/2025',89,2025,3,30,'FALSE'),('31/03/2025',90,2025,3,31,'FALSE'),('1/04/2025',91,2025,4,1,'TRUE'),('2/04/2025',92,2025,4,2,'FALSE'),('3/04/2025',93,2025,4,3,'FALSE'),('4/04/2025',94,2025,4,4,'FALSE'),('5/04/2025',95,2025,4,5,'FALSE'),('6/04/2025',96,2025,4,6,'FALSE'),('7/04/2025',97,2025,4,7,'FALSE'),('8/04/2025',98,2025,4,8,'FALSE'),('9/04/2025',99,2025,4,9,'FALSE'),('10/04/2025',100,2025,4,10,'FALSE'),('11/04/2025',101,2025,4,11,'FALSE'),('12/04/2025',102,2025,4,12,'FALSE'),('13/04/2025',103,2025,4,13,'FALSE'),('14/04/2025',104,2025,4,14,'FALSE'),('15/04/2025',105,2025,4,15,'FALSE'),('16/04/2025',106,2025,4,16,'FALSE'),('17/04/2025',107,2025,4,17,'FALSE'),('18/04/2025',108,2025,4,18,'FALSE'),('19/04/2025',109,2025,4,19,'FALSE'),('20/04/2025',110,2025,4,20,'FALSE'),('21/04/2025',111,2025,4,21,'FALSE'),('22/04/2025',112,2025,4,22,'FALSE'),('23/04/2025',113,2025,4,23,'FALSE'),('24/04/2025',114,2025,4,24,'FALSE'),('25/04/2025',115,2025,4,25,'FALSE'),('26/04/2025',116,2025,4,26,'FALSE'),('27/04/2025',117,2025,4,27,'FALSE'),('28/04/2025',118,2025,4,28,'FALSE'),('29/04/2025',119,2025,4,29,'FALSE'),('30/04/2025',120,2025,4,30,'FALSE'),('1/05/2025',121,2025,5,1,'TRUE'),('2/05/2025',122,2025,5,2,'FALSE'),('3/05/2025',123,2025,5,3,'FALSE'),('4/05/2025',124,2025,5,4,'FALSE'),('5/05/2025',125,2025,5,5,'FALSE'),('6/05/2025',126,2025,5,6,'FALSE'),('7/05/2025',127,2025,5,7,'FALSE'),('8/05/2025',128,2025,5,8,'FALSE'),('9/05/2025',129,2025,5,9,'FALSE'),('10/05/2025',130,2025,5,10,'FALSE'),('11/05/2025',131,2025,5,11,'FALSE'),('12/05/2025',132,2025,5,12,'FALSE'),('13/05/2025',133,2025,5,13,'FALSE'),('14/05/2025',134,2025,5,14,'FALSE'),('15/05/2025',135,2025,5,15,'FALSE'),('16/05/2025',136,2025,5,16,'FALSE'),('17/05/2025',137,2025,5,17,'FALSE'),('18/05/2025',138,2025,5,18,'FALSE'),('19/05/2025',139,2025,5,19,'FALSE'),('20/05/2025',140,2025,5,20,'FALSE'),('21/05/2025',141,2025,5,21,'FALSE'),('22/05/2025',142,2025,5,22,'FALSE'),('23/05/2025',143,2025,5,23,'FALSE'),('24/05/2025',144,2025,5,24,'FALSE'),('25/05/2025',145,2025,5,25,'FALSE'),('26/05/2025',146,2025,5,26,'FALSE'),('27/05/2025',147,2025,5,27,'FALSE'),('28/05/2025',148,2025,5,28,'FALSE'),('29/05/2025',149,2025,5,29,'FALSE'),('30/05/2025',150,2025,5,30,'FALSE'),('31/05/2025',151,2025,5,31,'FALSE'),('1/06/2025',152,2025,6,1,'TRUE'),('2/06/2025',153,2025,6,2,'FALSE'),('3/06/2025',154,2025,6,3,'FALSE'),('4/06/2025',155,2025,6,4,'FALSE'),('5/06/2025',156,2025,6,5,'FALSE'),('6/06/2025',157,2025,6,6,'FALSE'),('7/06/2025',158,2025,6,7,'FALSE'),('8/06/2025',159,2025,6,8,'FALSE'),('9/06/2025',160,2025,6,9,'FALSE'),('10/06/2025',161,2025,6,10,'FALSE'),('11/06/2025',162,2025,6,11,'FALSE'),('12/06/2025',163,2025,6,12,'FALSE'),('13/06/2025',164,2025,6,13,'FALSE'),('14/06/2025',165,2025,6,14,'FALSE'),('15/06/2025',166,2025,6,15,'FALSE'),('16/06/2025',167,2025,6,16,'FALSE'),('17/06/2025',168,2025,6,17,'FALSE'),('18/06/2025',169,2025,6,18,'FALSE'),('19/06/2025',170,2025,6,19,'FALSE'),('20/06/2025',171,2025,6,20,'FALSE'),('21/06/2025',172,2025,6,21,'FALSE'),('22/06/2025',173,2025,6,22,'FALSE'),('23/06/2025',174,2025,6,23,'FALSE'),('24/06/2025',175,2025,6,24,'FALSE'),('25/06/2025',176,2025,6,25,'FALSE'),('26/06/2025',177,2025,6,26,'FALSE'),('27/06/2025',178,2025,6,27,'FALSE'),('28/06/2025',179,2025,6,28,'FALSE'),('29/06/2025',180,2025,6,29,'FALSE'),('30/06/2025',181,2025,6,30,'FALSE');
/*!40000 ALTER TABLE `dim_calendar` ENABLE KEYS */;
UNLOCK TABLES;

--
-- Table structure for table `dim_company`
--

DROP TABLE IF EXISTS `dim_company`;
/*!40101 SET @saved_cs_client     = @@character_set_client */;
/*!50503 SET character_set_client = utf8mb4 */;
CREATE TABLE `dim_company` (
  `﻿company_id` text,
  `ticker` text,
  `company_name` text,
  `sector_id` text,
  `exchange_id` text
) ENGINE=InnoDB DEFAULT CHARSET=utf8mb4 COLLATE=utf8mb4_0900_ai_ci;
/*!40101 SET character_set_client = @saved_cs_client */;

--
-- Dumping data for table `dim_company`
--

LOCK TABLES `dim_company` WRITE;
/*!40000 ALTER TABLE `dim_company` DISABLE KEYS */;
INSERT INTO `dim_company` VALUES ('COMP001','TCS','Tata Consultancy Services','SEC01','EXCH01'),('COMP002','INFY','Infosys','SEC01','EXCH01'),('COMP003','HDFCBANK','HDFC Bank','SEC02','EXCH01'),('COMP004','RELIANCE','Reliance Industries','SEC04','EXCH01'),('COMP005','AAPL','Apple Inc.','SEC01','EXCH02'),('COMP006','MSFT','Microsoft Corp.','SEC01','EXCH02'),('COMP007','AMZN','Amazon.com Inc.','SEC05','EXCH02'),('COMP008','PFE','Pfizer Inc.','SEC03','EXCH02');
/*!40000 ALTER TABLE `dim_company` ENABLE KEYS */;
UNLOCK TABLES;

--
-- Table structure for table `dim_exchange`
--

DROP TABLE IF EXISTS `dim_exchange`;
/*!40101 SET @saved_cs_client     = @@character_set_client */;
/*!50503 SET character_set_client = utf8mb4 */;
CREATE TABLE `dim_exchange` (
  `﻿exchange_id` text,
  `exchange_name` text,
  `country` text,
  `currency` text
) ENGINE=InnoDB DEFAULT CHARSET=utf8mb4 COLLATE=utf8mb4_0900_ai_ci;
/*!40101 SET character_set_client = @saved_cs_client */;

--
-- Dumping data for table `dim_exchange`
--

LOCK TABLES `dim_exchange` WRITE;
/*!40000 ALTER TABLE `dim_exchange` DISABLE KEYS */;
INSERT INTO `dim_exchange` VALUES ('EXCH01','NSE','India','INR'),('EXCH02','NASDAQ','USA','USD');
/*!40000 ALTER TABLE `dim_exchange` ENABLE KEYS */;
UNLOCK TABLES;

--
-- Table structure for table `dim_portfolio`
--

DROP TABLE IF EXISTS `dim_portfolio`;
/*!40101 SET @saved_cs_client     = @@character_set_client */;
/*!50503 SET character_set_client = utf8mb4 */;
CREATE TABLE `dim_portfolio` (
  `portfolio_id` text,
  `portfolio_name` text,
  `manager` text
) ENGINE=InnoDB DEFAULT CHARSET=utf8mb4 COLLATE=utf8mb4_0900_ai_ci;
/*!40101 SET character_set_client = @saved_cs_client */;

--
-- Dumping data for table `dim_portfolio`
--

LOCK TABLES `dim_portfolio` WRITE;
/*!40000 ALTER TABLE `dim_portfolio` DISABLE KEYS */;
INSERT INTO `dim_portfolio` VALUES ('PF000001','Portfolio 1','Skyler Wilson'),('PF000002','Portfolio 2','Rowan Garcia'),('PF000003','Portfolio 3','Drew Garcia'),('PF000004','Portfolio 4','Avery Harris'),('PF000005','Portfolio 5','Kai Brown'),('PF000006','Portfolio 6','Kendall Anderson'),('PF000007','Portfolio 7','Kendall Wilson'),('PF000008','Portfolio 8','Elliot Williams'),('PF000009','Portfolio 9','Casey White'),('PF000010','Portfolio 10','Skyler Lee');
/*!40000 ALTER TABLE `dim_portfolio` ENABLE KEYS */;
UNLOCK TABLES;

--
-- Table structure for table `dim_sector`
--

DROP TABLE IF EXISTS `dim_sector`;
/*!40101 SET @saved_cs_client     = @@character_set_client */;
/*!50503 SET character_set_client = utf8mb4 */;
CREATE TABLE `dim_sector` (
  `﻿sector_id` text,
  `sector_name` text
) ENGINE=InnoDB DEFAULT CHARSET=utf8mb4 COLLATE=utf8mb4_0900_ai_ci;
/*!40101 SET character_set_client = @saved_cs_client */;

--
-- Dumping data for table `dim_sector`
--

LOCK TABLES `dim_sector` WRITE;
/*!40000 ALTER TABLE `dim_sector` DISABLE KEYS */;
INSERT INTO `dim_sector` VALUES ('SEC01','Information Technology'),('SEC02','Financials'),('SEC03','Healthcare'),('SEC04','Energy'),('SEC05','Consumer Discretionary');
/*!40000 ALTER TABLE `dim_sector` ENABLE KEYS */;
UNLOCK TABLES;

--
-- Table structure for table `dim_trader`
--

DROP TABLE IF EXISTS `dim_trader`;
/*!40101 SET @saved_cs_client     = @@character_set_client */;
/*!50503 SET character_set_client = utf8mb4 */;
CREATE TABLE `dim_trader` (
  `trader_id` text,
  `trader_name` text,
  `desk` text
) ENGINE=InnoDB DEFAULT CHARSET=utf8mb4 COLLATE=utf8mb4_0900_ai_ci;
/*!40101 SET character_set_client = @saved_cs_client */;

--
-- Dumping data for table `dim_trader`
--

LOCK TABLES `dim_trader` WRITE;
/*!40000 ALTER TABLE `dim_trader` DISABLE KEYS */;
INSERT INTO `dim_trader` VALUES ('TRD000001','Taylor Shah','Momentum'),('TRD000002','Drew Williams','Alpha'),('TRD000003','Avery Garcia','Discretionary'),('TRD000004','Taylor Harris','Quant'),('TRD000005','Jordan Clark','Discretionary'),('TRD000006','Reese Patel','Quant'),('TRD000007','Alex Lee','Momentum'),('TRD000008','Morgan Williams','Quant'),('TRD000009','Robin Lewis','Quant'),('TRD000010','Alex Harris','Momentum'),('TRD000011','Morgan Harris','Quant'),('TRD000012','Reese Williams','Alpha'),('TRD000013','Rowan Clark','Momentum'),('TRD000014','Drew Shah','Momentum'),('TRD000015','Jamie Anderson','Momentum'),('TRD000016','Hayden Brown','Discretionary'),('TRD000017','Casey Khan','Discretionary'),('TRD000018','Hayden Nguyen','Quant'),('TRD000019','Jordan Wilson','Momentum'),('TRD000020','Taylor Miller','Quant'),('TRD000021','Elliot Lewis','Alpha'),('TRD000022','Drew Patel','Momentum'),('TRD000023','Rowan Harris','Alpha'),('TRD000024','Taylor Wilson','Quant'),('TRD000025','Jordan Harris','Discretionary'),('TRD000026','Riley Lewis','Quant'),('TRD000027','Elliot Clark','Alpha'),('TRD000028','Morgan Lee','Momentum'),('TRD000029','Sam Williams','Quant'),('TRD000030','Riley Lee','Momentum');
/*!40000 ALTER TABLE `dim_trader` ENABLE KEYS */;
UNLOCK TABLES;

--
-- Table structure for table `fact_daily_prices`
--

DROP TABLE IF EXISTS `fact_daily_prices`;
/*!40101 SET @saved_cs_client     = @@character_set_client */;
/*!50503 SET character_set_client = utf8mb4 */;
CREATE TABLE `fact_daily_prices` (
  `﻿date` text,
  `company_id` text,
  `open` double DEFAULT NULL,
  `high` double DEFAULT NULL,
  `low` double DEFAULT NULL,
  `close` double DEFAULT NULL,
  `volume` int DEFAULT NULL,
  `calendar_id` int DEFAULT NULL,
  `cumulative_factor` double DEFAULT NULL,
  `adjusted_close` double DEFAULT NULL,
  `avg_vol` double DEFAULT NULL,
  `is_volume_suspect` text
) ENGINE=InnoDB DEFAULT CHARSET=utf8mb4 COLLATE=utf8mb4_0900_ai_ci;
/*!40101 SET character_set_client = @saved_cs_client */;

--
-- Dumping data for table `fact_daily_prices`
--

LOCK TABLES `fact_daily_prices` WRITE;
/*!40000 ALTER TABLE `fact_daily_prices` DISABLE KEYS */;
INSERT INTO `fact_daily_prices` VALUES ('1/01/2025','COMP001',796.56,800.79,792.33,800.53,42106,1,1.5,533.6866667,25295.84496,'FALSE'),('2/01/2025','COMP001',805.97,809.55,802.39,803.94,9680,2,1.5,535.96,25295.84496,'FALSE'),('3/01/2025','COMP001',809.42,818.12,800.72,806.96,36153,3,1.5,537.9733333,25295.84496,'FALSE'),('6/01/2025','COMP001',818.82,831.19,806.45,817.5,9120,6,1.5,545,25295.84496,'FALSE'),('7/01/2025','COMP001',805.15,813.57,796.72,811.73,21445,7,1.5,541.1533333,25295.84496,'FALSE'),('8/01/2025','COMP001',810.34,817.79,802.88,806.57,32065,8,1.5,537.7133333,25295.84496,'FALSE'),('9/01/2025','COMP001',804.7,816.71,792.7,800.97,46936,9,1.5,533.98,25295.84496,'FALSE'),('10/01/2025','COMP001',793.07,795.72,790.42,791.89,21932,10,1.5,527.9266667,25295.84496,'FALSE'),('13/01/2025','COMP001',768.48,780.24,756.73,766.43,44016,13,1.5,510.9533333,25295.84496,'FALSE'),('14/01/2025','COMP001',772.58,780.18,764.98,775.85,2154,14,1.5,517.2333333,25295.84496,'TRUE'),('15/01/2025','COMP001',787.6,797.49,777.72,784.06,13183,15,1.5,522.7066667,25295.84496,'FALSE'),('16/01/2025','COMP001',768.68,782.43,754.94,769.33,6539,16,1.5,512.8866667,25295.84496,'FALSE'),('17/01/2025','COMP001',767.61,779.13,756.09,765.38,49354,17,1.5,510.2533333,25295.84496,'FALSE'),('20/01/2025','COMP001',754.13,764.08,744.17,758.43,3200,20,1.5,505.62,25295.84496,'FALSE'),('21/01/2025','COMP001',750.75,752,749.5,751.92,12969,21,1.5,501.28,25295.84496,'FALSE'),('22/01/2025','COMP001',732.39,742.23,722.55,732.1,47760,22,1.5,488.0666667,25295.84496,'FALSE'),('23/01/2025','COMP001',727.63,729.04,726.22,726.49,26876,23,1.5,484.3266667,25295.84496,'FALSE'),('24/01/2025','COMP001',730.78,734.77,726.79,732.15,47214,24,1.5,488.1,25295.84496,'FALSE'),('27/01/2025','COMP001',759.45,767.23,751.67,756.33,5555,27,1.5,504.22,25295.84496,'FALSE'),('28/01/2025','COMP001',759.3,768.01,750.6,760.27,18429,28,1.5,506.8466667,25295.84496,'FALSE'),('29/01/2025','COMP001',756.07,765.34,746.8,761.63,4436,29,1.5,507.7533333,25295.84496,'FALSE'),('30/01/2025','COMP001',753.7,764.24,743.16,756.88,31746,30,1.5,504.5866667,25295.84496,'FALSE'),('31/01/2025','COMP001',753.55,763.3,743.8,751.35,40790,31,1.5,500.9,25295.84496,'FALSE'),('3/02/2025','COMP001',762.82,768.05,757.59,760.56,41764,34,1.5,507.04,25295.84496,'FALSE'),('4/02/2025','COMP001',762.98,771.15,754.8,763.53,45080,35,1.5,509.02,25295.84496,'FALSE'),('5/02/2025','COMP001',750.42,758.28,742.55,757.62,19589,36,1.5,505.08,25295.84496,'FALSE'),('6/02/2025','COMP001',748.4,762.38,734.42,748.11,48202,37,1.5,498.74,25295.84496,'FALSE'),('7/02/2025','COMP001',745.23,757.93,732.53,746.77,4420,38,1.5,497.8466667,25295.84496,'FALSE'),('10/02/2025','COMP001',737.94,748.29,727.6,741.94,1699,41,1.5,494.6266667,25295.84496,'TRUE'),('11/02/2025','COMP001',746.21,754.72,737.69,742.06,36743,42,1.5,494.7066667,25295.84496,'FALSE'),('12/02/2025','COMP001',744.05,752.7,735.41,740.1,27641,43,1.5,493.4,25295.84496,'FALSE'),('13/02/2025','COMP001',741.09,752.2,729.99,743.91,1569,44,1.5,495.94,25295.84496,'TRUE'),('14/02/2025','COMP001',738.62,745.95,731.29,732.33,46681,45,1.5,488.22,25295.84496,'FALSE'),('17/02/2025','COMP001',739.86,751.78,727.94,742.65,36777,48,1.5,495.1,25295.84496,'FALSE'),('18/02/2025','COMP001',768.97,773.2,764.74,769.29,46017,49,1.5,512.86,25295.84496,'FALSE'),('19/02/2025','COMP001',781.47,792.7,770.24,781.13,13533,50,1.5,520.7533333,25295.84496,'FALSE'),('20/02/2025','COMP001',783.99,789.1,778.87,783.47,20190,51,1.5,522.3133333,25295.84496,'FALSE'),('21/02/2025','COMP001',793.71,799.06,788.35,792.41,11647,52,1.5,528.2733333,25295.84496,'FALSE'),('24/02/2025','COMP001',785.73,796.88,774.58,782.59,25376,55,1.5,521.7266667,25295.84496,'FALSE'),('25/02/2025','COMP001',770.64,776.95,764.33,767.31,13039,56,1.5,511.54,25295.84496,'FALSE'),('26/02/2025','COMP001',774.29,785.89,762.68,775.01,26547,57,1.5,516.6733333,25295.84496,'FALSE'),('27/02/2025','COMP001',776.57,783.61,769.54,769.96,33097,58,1.5,513.3066667,25295.84496,'FALSE'),('28/02/2025','COMP001',753.52,758.61,748.43,757.19,34621,59,1.5,504.7933333,25295.84496,'FALSE'),('3/03/2025','COMP001',750.31,753.93,746.69,749.01,23677,62,1.5,499.34,25295.84496,'FALSE'),('4/03/2025','COMP001',742.73,747.32,738.14,738.59,43675,63,1.5,492.3933333,25295.84496,'FALSE'),('5/03/2025','COMP001',738.07,740.6,735.53,740.02,16338,64,1.5,493.3466667,25295.84496,'FALSE'),('6/03/2025','COMP001',742.7,747.54,737.86,745.65,20508,65,1.5,497.1,25295.84496,'FALSE'),('7/03/2025','COMP001',748.98,758.31,739.65,754.21,22606,66,1.5,502.8066667,25295.84496,'FALSE'),('10/03/2025','COMP001',763.2,764.24,762.15,762.94,33093,69,1.5,508.6266667,25295.84496,'FALSE'),('11/03/2025','COMP001',769.67,778.75,760.59,770.42,8987,70,1.5,513.6133333,25295.84496,'FALSE'),('12/03/2025','COMP001',762.16,770.63,753.69,768.59,47185,71,1.5,512.3933333,25295.84496,'FALSE'),('13/03/2025','COMP001',759.16,767.69,750.63,762.76,18214,72,1.5,508.5066667,25295.84496,'FALSE'),('14/03/2025','COMP001',746.26,755.07,737.44,748.58,26945,73,1.5,499.0533333,25295.84496,'FALSE'),('17/03/2025','COMP001',752.09,759.59,744.59,759.2,2150,76,1.5,506.1333333,25295.84496,'TRUE'),('18/03/2025','COMP001',759.86,768.23,751.49,757.69,2081,77,1.5,505.1266667,25295.84496,'TRUE'),('19/03/2025','COMP001',757.52,767.76,747.29,753.96,47175,78,1.5,502.64,25295.84496,'FALSE'),('20/03/2025','COMP001',764.17,773.84,754.49,765.43,46543,79,1.5,510.2866667,25295.84496,'FALSE'),('21/03/2025','COMP001',759.24,771.15,747.34,757,14500,80,1.5,504.6666667,25295.84496,'FALSE'),('24/03/2025','COMP001',766.59,776.48,756.7,765.18,48893,83,1.5,510.12,25295.84496,'FALSE'),('25/03/2025','COMP001',773.47,779.45,767.5,768.23,2679,84,1.5,512.1533333,25295.84496,'FALSE'),('26/03/2025','COMP001',758.72,760.84,756.61,758.43,28932,85,1.5,505.62,25295.84496,'FALSE'),('27/03/2025','COMP001',758.42,759.65,757.19,757.89,14296,86,1.5,505.26,25295.84496,'FALSE'),('28/03/2025','COMP001',762.29,772.2,752.39,767.42,30124,87,1.5,511.6133333,25295.84496,'FALSE'),('31/03/2025','COMP001',778.25,782.69,773.82,775.33,36247,90,1.5,516.8866667,25295.84496,'FALSE'),('1/04/2025','COMP001',793.91,803.02,784.8,790.27,38220,91,1.5,526.8466667,25295.84496,'FALSE'),('2/04/2025','COMP001',792.11,800.16,784.05,793.83,33580,92,1.5,529.22,25295.84496,'FALSE'),('3/04/2025','COMP001',833.67,843.18,824.16,828.48,24289,93,1.5,552.32,25295.84496,'FALSE'),('4/04/2025','COMP001',822.67,834.42,810.92,819.13,42975,94,1.5,546.0866667,25295.84496,'FALSE'),('7/04/2025','COMP001',819.26,825.96,812.56,815.22,39646,97,1.5,543.48,25295.84496,'FALSE'),('8/04/2025','COMP001',815.41,830.17,800.66,814.79,23687,98,1.5,543.1933333,25295.84496,'FALSE'),('9/04/2025','COMP001',803.46,815.6,791.33,800.54,7833,99,1.5,533.6933333,25295.84496,'FALSE'),('10/04/2025','COMP001',814.93,820.62,809.23,811.32,6052,100,1.5,540.88,25295.84496,'FALSE'),('11/04/2025','COMP001',817.55,829.76,805.35,820.8,41770,101,1.5,547.2,25295.84496,'FALSE'),('14/04/2025','COMP001',822.58,834.67,810.5,821.2,18450,104,1.5,547.4666667,25295.84496,'FALSE'),('15/04/2025','COMP001',816.91,819.07,814.75,815.88,39494,105,1.5,543.92,25295.84496,'FALSE'),('16/04/2025','COMP001',803.56,806.89,800.22,800.85,35850,106,1.5,533.9,25295.84496,'FALSE'),('17/04/2025','COMP001',790.58,798.45,782.71,793.11,24132,107,1.5,528.74,25295.84496,'FALSE'),('18/04/2025','COMP001',807.35,814.3,800.4,800.77,1417,108,1.5,533.8466667,25295.84496,'TRUE'),('21/04/2025','COMP001',796.94,802.99,790.9,798.82,18209,111,1.5,532.5466667,25295.84496,'FALSE'),('22/04/2025','COMP001',795.26,805.8,784.73,794.73,1412,112,1.5,529.82,25295.84496,'TRUE'),('23/04/2025','COMP001',796.92,800.58,793.27,799.95,24548,113,1.5,533.3,25295.84496,'FALSE'),('24/04/2025','COMP001',812.75,816.48,809.02,811.9,19888,114,1.5,541.2666667,25295.84496,'FALSE'),('25/04/2025','COMP001',814.67,824,805.35,814.73,18506,115,1.5,543.1533333,25295.84496,'FALSE'),('28/04/2025','COMP001',818.49,824.91,812.07,818.16,35911,118,1.5,545.44,25295.84496,'FALSE'),('29/04/2025','COMP001',827.71,838.3,817.12,832.62,45811,119,1.5,555.08,25295.84496,'FALSE'),('30/04/2025','COMP001',831.98,841.83,822.13,834.67,48320,120,1.5,556.4466667,25295.84496,'FALSE'),('1/05/2025','COMP001',830.46,835.58,825.34,831.62,45912,121,1.5,554.4133333,25295.84496,'FALSE'),('2/05/2025','COMP001',836.21,847.38,825.03,838.9,1698,122,1.5,559.2666667,25295.84496,'TRUE'),('5/05/2025','COMP001',836.78,838.06,835.5,836.39,8400,125,1.5,557.5933333,25295.84496,'FALSE'),('6/05/2025','COMP001',836.82,846.83,826.81,832.72,18101,126,1.5,555.1466667,25295.84496,'FALSE'),('7/05/2025','COMP001',848.04,857.85,838.23,846.4,6486,127,1.5,564.2666667,25295.84496,'FALSE'),('8/05/2025','COMP001',843.42,844.89,841.94,843.49,38259,128,1.5,562.3266667,25295.84496,'FALSE'),('9/05/2025','COMP001',813.13,821.3,804.96,815.93,41419,129,1.5,543.9533333,25295.84496,'FALSE'),('12/05/2025','COMP001',821.04,835.2,806.88,819.69,2062,132,1.5,546.46,25295.84496,'TRUE'),('13/05/2025','COMP001',812.52,817.3,807.74,815.81,12174,133,1.5,543.8733333,25295.84496,'FALSE'),('14/05/2025','COMP001',820.68,829.23,812.13,813.03,24714,134,1.5,542.02,25295.84496,'FALSE'),('15/05/2025','COMP001',822.27,832.4,812.14,817.88,7801,135,1.5,545.2533333,25295.84496,'FALSE'),('16/05/2025','COMP001',818.66,832.18,805.13,816.37,18337,136,1.5,544.2466667,25295.84496,'FALSE'),('19/05/2025','COMP001',823.01,828.9,817.12,818.78,2542,139,1.5,545.8533333,25295.84496,'FALSE'),('20/05/2025','COMP001',799.99,805.17,794.81,798.37,28569,140,1,798.37,25295.84496,'FALSE'),('21/05/2025','COMP001',795.01,803.2,786.81,789.13,23556,141,1,789.13,25295.84496,'FALSE'),('22/05/2025','COMP001',796.15,804.76,787.55,803.4,14807,142,1,803.4,25295.84496,'FALSE'),('23/05/2025','COMP001',803.26,817.27,789.26,803.4,27256,143,1,803.4,25295.84496,'FALSE'),('26/05/2025','COMP001',786.52,801.74,771.31,786.83,26731,146,1,786.83,25295.84496,'FALSE'),('27/05/2025','COMP001',773.67,781.89,765.46,776.45,35578,147,1,776.45,25295.84496,'FALSE'),('28/05/2025','COMP001',768.66,778.91,758.42,766.99,26289,148,1,766.99,25295.84496,'FALSE'),('29/05/2025','COMP001',774.27,782.08,766.45,768.16,45482,149,1,768.16,25295.84496,'FALSE'),('30/05/2025','COMP001',763.01,768.04,757.97,764.17,4709,150,1,764.17,25295.84496,'FALSE'),('2/06/2025','COMP001',757.55,758.88,756.22,758.03,14116,153,1,758.03,25295.84496,'FALSE'),('3/06/2025','COMP001',758.84,770.72,746.96,758.24,40298,154,1,758.24,25295.84496,'FALSE'),('4/06/2025','COMP001',760.11,771.91,748.32,763,34982,155,1,763,25295.84496,'FALSE'),('5/06/2025','COMP001',763.7,767.97,759.44,760.7,18312,156,1,760.7,25295.84496,'FALSE'),('6/06/2025','COMP001',749.8,758.77,740.84,755.39,37395,157,1,755.39,25295.84496,'FALSE'),('9/06/2025','COMP001',754.74,766.27,743.21,751.57,38678,160,1,751.57,25295.84496,'FALSE'),('10/06/2025','COMP001',757.72,768.43,747,754.97,12003,161,1,754.97,25295.84496,'FALSE'),('11/06/2025','COMP001',751.46,756.2,746.72,755.08,14843,162,1,755.08,25295.84496,'FALSE'),('12/06/2025','COMP001',761.91,763.75,760.06,762.6,39413,163,1,762.6,25295.84496,'FALSE'),('13/06/2025','COMP001',746.54,756.24,736.84,751.81,45597,164,1,751.81,25295.84496,'FALSE'),('16/06/2025','COMP001',742.32,753.38,731.26,744.68,25504,167,1,744.68,25295.84496,'FALSE'),('17/06/2025','COMP001',751.82,765.92,737.73,752.15,12023,168,1,752.15,25295.84496,'FALSE'),('18/06/2025','COMP001',748,758.03,737.98,744.76,1667,169,1,744.76,25295.84496,'TRUE'),('19/06/2025','COMP001',759.3,763.13,755.47,758.05,37487,170,1,758.05,25295.84496,'FALSE'),('20/06/2025','COMP001',769.99,777.22,762.76,771.77,28355,171,1,771.77,25295.84496,'FALSE'),('23/06/2025','COMP001',786.4,791.28,781.53,785.61,39810,174,1,785.61,25295.84496,'FALSE'),('24/06/2025','COMP001',778.39,787.98,768.8,777.13,14216,175,1,777.13,25295.84496,'FALSE'),('25/06/2025','COMP001',776.58,784.47,768.69,778.07,32471,176,1,778.07,25295.84496,'FALSE'),('26/06/2025','COMP001',767.64,775.95,759.34,773.43,46445,177,1,773.43,25295.84496,'FALSE'),('27/06/2025','COMP001',784.42,797.53,771.31,782.67,11136,178,1,782.67,25295.84496,'FALSE'),('30/06/2025','COMP001',795.75,806.56,784.95,799.87,24793,181,1,799.87,25295.84496,'FALSE'),('1/01/2025','COMP002',1156.78,1172.33,1141.24,1161,11589,1,1,1161,24653.92248,'FALSE'),('2/01/2025','COMP002',1148.38,1160.76,1136.01,1156.75,14046,2,1,1156.75,24653.92248,'FALSE'),('3/01/2025','COMP002',1140.48,1141.28,1139.68,1140.1,5324,3,1,1140.1,24653.92248,'FALSE'),('6/01/2025','COMP002',1148.73,1161.2,1136.27,1138.82,42427,6,1,1138.82,24653.92248,'FALSE'),('7/01/2025','COMP002',1162.43,1183.74,1141.12,1161.22,42605,7,1,1161.22,24653.92248,'FALSE'),('8/01/2025','COMP002',1158.1,1175,1141.21,1152.52,48077,8,1,1152.52,24653.92248,'FALSE'),('9/01/2025','COMP002',1170.78,1189.54,1152.02,1173.84,1846,9,1,1173.84,24653.92248,'TRUE'),('10/01/2025','COMP002',1178.64,1190.56,1166.73,1177.96,23700,10,1,1177.96,24653.92248,'FALSE'),('13/01/2025','COMP002',1203.64,1215.09,1192.2,1196.67,43101,13,1,1196.67,24653.92248,'FALSE'),('14/01/2025','COMP002',1206.4,1217.33,1195.47,1200.26,46587,14,1,1200.26,24653.92248,'FALSE'),('15/01/2025','COMP002',1194.77,1199.03,1190.5,1193.24,40001,15,1,1193.24,24653.92248,'FALSE'),('16/01/2025','COMP002',1226.72,1237.14,1216.3,1218.43,2917,16,1,1218.43,24653.92248,'FALSE'),('17/01/2025','COMP002',1218.19,1225.95,1210.42,1222.18,48362,17,1,1222.18,24653.92248,'FALSE'),('20/01/2025','COMP002',1221.55,1226.31,1216.79,1225.04,1009,20,1,1225.04,24653.92248,'TRUE'),('21/01/2025','COMP002',1237.86,1251.44,1224.27,1237.86,40809,21,1,1237.86,24653.92248,'FALSE'),('22/01/2025','COMP002',1246.55,1260.73,1232.37,1252.66,9512,22,1,1252.66,24653.92248,'FALSE'),('23/01/2025','COMP002',1267.57,1269.37,1265.78,1265.85,28534,23,1,1265.85,24653.92248,'FALSE'),('24/01/2025','COMP002',1245.53,1256.53,1234.54,1244.79,29253,24,1,1244.79,24653.92248,'FALSE'),('27/01/2025','COMP002',1225.94,1237.76,1214.11,1235.13,13219,27,1,1235.13,24653.92248,'FALSE'),('28/01/2025','COMP002',1235.55,1248.89,1222.2,1225.25,9567,28,1,1225.25,24653.92248,'FALSE'),('29/01/2025','COMP002',1223.11,1237.62,1208.59,1213.57,9162,29,1,1213.57,24653.92248,'FALSE'),('30/01/2025','COMP002',1192.49,1202.19,1182.8,1200.59,44925,30,1,1200.59,24653.92248,'FALSE'),('31/01/2025','COMP002',1182.04,1191.91,1172.16,1190.77,42832,31,1,1190.77,24653.92248,'FALSE'),('3/02/2025','COMP002',1195.52,1214.06,1176.98,1196.1,22204,34,1,1196.1,24653.92248,'FALSE'),('4/02/2025','COMP002',1203.27,1208.35,1198.19,1203.86,1077,35,1,1203.86,24653.92248,'TRUE'),('5/02/2025','COMP002',1206.1,1216.72,1195.48,1204.13,15060,36,1,1204.13,24653.92248,'FALSE'),('6/02/2025','COMP002',1196.83,1212.06,1181.6,1197.97,10510,37,1,1197.97,24653.92248,'FALSE'),('7/02/2025','COMP002',1215.4,1235.04,1195.75,1217.66,8804,38,1,1217.66,24653.92248,'FALSE'),('10/02/2025','COMP002',1211.12,1223.88,1198.36,1216.55,19574,41,1,1216.55,24653.92248,'FALSE'),('11/02/2025','COMP002',1234.02,1245.51,1222.54,1231.29,12246,42,1,1231.29,24653.92248,'FALSE'),('12/02/2025','COMP002',1220.83,1232.17,1209.49,1222.78,37455,43,1,1222.78,24653.92248,'FALSE'),('13/02/2025','COMP002',1225.6,1235.09,1216.11,1229.46,42157,44,1,1229.46,24653.92248,'FALSE'),('14/02/2025','COMP002',1254.63,1274.23,1235.02,1250.72,25519,45,1,1250.72,24653.92248,'FALSE'),('17/02/2025','COMP002',1216.95,1227.37,1206.54,1210.57,6788,48,1,1210.57,24653.92248,'FALSE'),('18/02/2025','COMP002',1197.95,1212.81,1183.1,1200.91,1922,49,1,1200.91,24653.92248,'TRUE'),('19/02/2025','COMP002',1217.92,1229.3,1206.54,1210.21,2120,50,1,1210.21,24653.92248,'TRUE'),('20/02/2025','COMP002',1228.26,1246.52,1210,1229.14,3336,51,1,1229.14,24653.92248,'FALSE'),('21/02/2025','COMP002',1225.97,1233.41,1218.53,1232.58,33265,52,1,1232.58,24653.92248,'FALSE'),('24/02/2025','COMP002',1230.43,1245.83,1215.03,1233.65,47197,55,1,1233.65,24653.92248,'FALSE'),('25/02/2025','COMP002',1268.18,1279.92,1256.45,1259.23,7371,56,1,1259.23,24653.92248,'FALSE'),('26/02/2025','COMP002',1278.03,1291.61,1264.45,1279.91,36996,57,1,1279.91,24653.92248,'FALSE'),('27/02/2025','COMP002',1266.96,1279.96,1253.97,1266.29,19755,58,1,1266.29,24653.92248,'FALSE'),('28/02/2025','COMP002',1268.47,1286.77,1250.18,1268.45,17478,59,1,1268.45,24653.92248,'FALSE'),('3/03/2025','COMP002',1274.94,1289.77,1260.1,1274.52,34561,62,1,1274.52,24653.92248,'FALSE'),('4/03/2025','COMP002',1301.5,1309.29,1293.72,1302.73,13298,63,1,1302.73,24653.92248,'FALSE'),('5/03/2025','COMP002',1325.45,1342.6,1308.31,1317.33,45165,64,1,1317.33,24653.92248,'FALSE'),('6/03/2025','COMP002',1315.12,1326.48,1303.77,1315.93,11541,65,1,1315.93,24653.92248,'FALSE'),('7/03/2025','COMP002',1315.98,1336.13,1295.82,1319.9,8783,66,1,1319.9,24653.92248,'FALSE'),('10/03/2025','COMP002',1287.88,1302.29,1273.48,1289.24,27215,69,1,1289.24,24653.92248,'FALSE'),('11/03/2025','COMP002',1304.6,1328.15,1281.05,1305.38,38219,70,1,1305.38,24653.92248,'FALSE'),('12/03/2025','COMP002',1318.05,1340.55,1295.56,1316.36,39727,71,1,1316.36,24653.92248,'FALSE'),('13/03/2025','COMP002',1335.33,1354.35,1316.31,1336.94,45409,72,1,1336.94,24653.92248,'FALSE'),('14/03/2025','COMP002',1334.72,1336.67,1332.77,1334.83,45327,73,1,1334.83,24653.92248,'FALSE'),('17/03/2025','COMP002',1336.36,1359.78,1312.95,1337.3,35560,76,1,1337.3,24653.92248,'FALSE'),('18/03/2025','COMP002',1317.95,1332.55,1303.35,1329.54,2645,77,1,1329.54,24653.92248,'FALSE'),('19/03/2025','COMP002',1302.22,1315.64,1288.8,1310.76,36840,78,1,1310.76,24653.92248,'FALSE'),('20/03/2025','COMP002',1305.72,1323.79,1287.66,1301.16,3708,79,1,1301.16,24653.92248,'FALSE'),('21/03/2025','COMP002',1267.33,1281.62,1253.04,1271.97,40224,80,1,1271.97,24653.92248,'FALSE'),('24/03/2025','COMP002',1282.79,1287.14,1278.44,1287.02,26150,83,1,1287.02,24653.92248,'FALSE'),('25/03/2025','COMP002',1246.91,1262.92,1230.9,1252.53,8973,84,1,1252.53,24653.92248,'FALSE'),('26/03/2025','COMP002',1285.31,1294.23,1276.4,1285.32,37368,85,1,1285.32,24653.92248,'FALSE'),('27/03/2025','COMP002',1264.34,1272.13,1256.54,1257.37,14490,86,1,1257.37,24653.92248,'FALSE'),('28/03/2025','COMP002',1277.44,1288.02,1266.85,1281.66,6299,87,1,1281.66,24653.92248,'FALSE'),('31/03/2025','COMP002',1261.1,1278,1244.19,1267.38,38148,90,1,1267.38,24653.92248,'FALSE'),('1/04/2025','COMP002',1276.02,1291.5,1260.53,1276.68,11395,91,1,1276.68,24653.92248,'FALSE'),('2/04/2025','COMP002',1261.11,1270.31,1251.9,1264.93,5944,92,1,1264.93,24653.92248,'FALSE'),('3/04/2025','COMP002',1302.7,1317.04,1288.36,1292.2,25917,93,1,1292.2,24653.92248,'FALSE'),('4/04/2025','COMP002',1281.43,1295.42,1267.43,1293.22,21806,94,1,1293.22,24653.92248,'FALSE'),('7/04/2025','COMP002',1318.07,1326.75,1309.38,1311.14,27838,97,1,1311.14,24653.92248,'FALSE'),('8/04/2025','COMP002',1307.81,1323.92,1291.71,1312.71,28965,98,1,1312.71,24653.92248,'FALSE'),('9/04/2025','COMP002',1319.07,1324.29,1313.85,1318.88,21908,99,1,1318.88,24653.92248,'FALSE'),('10/04/2025','COMP002',1323.37,1339.51,1307.23,1329.47,24570,100,1,1329.47,24653.92248,'FALSE'),('11/04/2025','COMP002',1311.58,1322.69,1300.47,1320.96,49302,101,1,1320.96,24653.92248,'FALSE'),('14/04/2025','COMP002',1300.04,1313.85,1286.23,1300.13,39000,104,1,1300.13,24653.92248,'FALSE'),('15/04/2025','COMP002',1277.26,1289.54,1264.97,1279.29,13342,105,1,1279.29,24653.92248,'FALSE'),('16/04/2025','COMP002',1287.75,1304.64,1270.85,1280.41,35249,106,1,1280.41,24653.92248,'FALSE'),('17/04/2025','COMP002',1277.58,1295.7,1259.45,1272.86,48190,107,1,1272.86,24653.92248,'FALSE'),('18/04/2025','COMP002',1240.93,1263.46,1218.39,1239.2,20846,108,1,1239.2,24653.92248,'FALSE'),('21/04/2025','COMP002',1255.42,1263.97,1246.86,1247.53,11998,111,1,1247.53,24653.92248,'FALSE'),('22/04/2025','COMP002',1229.53,1235.06,1224,1228.82,9519,112,1,1228.82,24653.92248,'FALSE'),('23/04/2025','COMP002',1202.85,1213.8,1191.9,1211.28,7722,113,1,1211.28,24653.92248,'FALSE'),('24/04/2025','COMP002',1214.93,1232.42,1197.45,1210.93,14575,114,1,1210.93,24653.92248,'FALSE'),('25/04/2025','COMP002',1195.84,1199.94,1191.73,1197.56,32821,115,1,1197.56,24653.92248,'FALSE'),('28/04/2025','COMP002',1197.25,1214.17,1180.33,1199.69,13175,118,1,1199.69,24653.92248,'FALSE'),('29/04/2025','COMP002',1226.86,1239.96,1213.75,1230.19,22389,119,1,1230.19,24653.92248,'FALSE'),('30/04/2025','COMP002',1217.23,1231.8,1202.67,1224.62,7150,120,1,1224.62,24653.92248,'FALSE'),('1/05/2025','COMP002',1207.43,1223.98,1190.88,1208.67,21079,121,1,1208.67,24653.92248,'FALSE'),('2/05/2025','COMP002',1206.86,1216.12,1197.59,1211.72,32419,122,1,1211.72,24653.92248,'FALSE'),('5/05/2025','COMP002',1197.75,1217.13,1178.37,1200.23,24236,125,1,1200.23,24653.92248,'FALSE'),('6/05/2025','COMP002',1201.87,1209.09,1194.65,1200.88,35177,126,1,1200.88,24653.92248,'FALSE'),('7/05/2025','COMP002',1209.91,1214.71,1205.12,1205.95,15596,127,1,1205.95,24653.92248,'FALSE'),('8/05/2025','COMP002',1200.53,1214.03,1187.04,1205.7,46960,128,1,1205.7,24653.92248,'FALSE'),('9/05/2025','COMP002',1208.56,1217.38,1199.74,1206.85,44861,129,1,1206.85,24653.92248,'FALSE'),('12/05/2025','COMP002',1218.11,1228.93,1207.3,1210.06,49285,132,1,1210.06,24653.92248,'FALSE'),('13/05/2025','COMP002',1229.92,1246.99,1212.86,1234.95,21607,133,1,1234.95,24653.92248,'FALSE'),('14/05/2025','COMP002',1227.59,1235.8,1219.38,1231.31,28856,134,1,1231.31,24653.92248,'FALSE'),('15/05/2025','COMP002',1230.22,1240.22,1220.22,1233.59,42196,135,1,1233.59,24653.92248,'FALSE'),('16/05/2025','COMP002',1249.73,1257.47,1241.99,1247.43,18685,136,1,1247.43,24653.92248,'FALSE'),('19/05/2025','COMP002',1253.28,1276.11,1230.44,1255.15,42401,139,1,1255.15,24653.92248,'FALSE'),('20/05/2025','COMP002',1252.42,1272.31,1232.52,1249.8,9996,140,1,1249.8,24653.92248,'FALSE'),('21/05/2025','COMP002',1253.05,1264.85,1241.26,1264.38,27665,141,1,1264.38,24653.92248,'FALSE'),('22/05/2025','COMP002',1254.66,1265.3,1244.02,1250.88,40952,142,1,1250.88,24653.92248,'FALSE'),('23/05/2025','COMP002',1246.45,1257.72,1235.19,1247.61,13875,143,1,1247.61,24653.92248,'FALSE'),('26/05/2025','COMP002',1238.25,1240.94,1235.57,1235.84,41760,146,1,1235.84,24653.92248,'FALSE'),('27/05/2025','COMP002',1239.34,1251.77,1226.9,1245.14,31987,147,1,1245.14,24653.92248,'FALSE'),('28/05/2025','COMP002',1266,1280.25,1251.74,1264.24,28529,148,1,1264.24,24653.92248,'FALSE'),('29/05/2025','COMP002',1274.39,1291.3,1257.48,1268.11,25027,149,1,1268.11,24653.92248,'FALSE'),('30/05/2025','COMP002',1274.04,1289.19,1258.89,1269.61,21609,150,1,1269.61,24653.92248,'FALSE'),('2/06/2025','COMP002',1248.81,1260.17,1237.45,1255.99,20250,153,1,1255.99,24653.92248,'FALSE'),('3/06/2025','COMP002',1236.74,1247.47,1226.02,1245.22,25063,154,1,1245.22,24653.92248,'FALSE'),('4/06/2025','COMP002',1229.31,1249.4,1209.23,1226.93,32463,155,1,1226.93,24653.92248,'FALSE'),('5/06/2025','COMP002',1195.1,1207.55,1182.66,1194.03,24150,156,1,1194.03,24653.92248,'FALSE'),('6/06/2025','COMP002',1198.17,1211.12,1185.23,1188.44,24863,157,1,1188.44,24653.92248,'FALSE'),('9/06/2025','COMP002',1186.44,1189.36,1183.53,1184.27,49275,160,1,1184.27,24653.92248,'FALSE'),('10/06/2025','COMP002',1209.15,1221.37,1196.93,1217.42,13112,161,1,1217.42,24653.92248,'FALSE'),('11/06/2025','COMP002',1240.68,1254.26,1227.1,1241.93,1481,162,1,1241.93,24653.92248,'TRUE'),('12/06/2025','COMP002',1252.82,1266.55,1239.09,1250.95,35888,163,1,1250.95,24653.92248,'FALSE'),('13/06/2025','COMP002',1276.15,1286.47,1265.84,1284.54,35008,164,1,1284.54,24653.92248,'FALSE'),('16/06/2025','COMP002',1308.96,1326,1291.92,1307.56,46080,167,1,1307.56,24653.92248,'FALSE'),('17/06/2025','COMP002',1267.91,1281.49,1254.32,1275.21,35020,168,1,1275.21,24653.92248,'FALSE'),('18/06/2025','COMP002',1280.3,1292.84,1267.76,1292.78,21581,169,1,1292.78,24653.92248,'FALSE'),('19/06/2025','COMP002',1307.72,1320.14,1295.31,1304.73,5090,170,1,1304.73,24653.92248,'FALSE'),('20/06/2025','COMP002',1302.53,1325.32,1279.75,1300.29,37408,171,1,1300.29,24653.92248,'FALSE'),('23/06/2025','COMP002',1280.95,1289.02,1272.89,1277.62,2341,174,1,1277.62,24653.92248,'TRUE'),('24/06/2025','COMP002',1290.12,1312.22,1268.02,1287.55,13254,175,1,1287.55,24653.92248,'FALSE'),('25/06/2025','COMP002',1256.41,1274.79,1238.03,1254.56,3421,176,1,1254.56,24653.92248,'FALSE'),('26/06/2025','COMP002',1250.21,1270.5,1229.91,1254.52,12918,177,1,1254.52,24653.92248,'FALSE'),('27/06/2025','COMP002',1253.09,1262.36,1243.81,1245.1,47617,178,1,1245.1,24653.92248,'FALSE'),('30/06/2025','COMP002',1217.63,1226.76,1208.5,1225.8,5806,181,1,1225.8,24653.92248,'FALSE'),('1/01/2025','COMP003',1974.24,1983.08,1965.4,1967.98,45064,1,1,1967.98,26012.97674,'FALSE'),('2/01/2025','COMP003',2030.8,2047.32,2014.27,2034.15,28570,2,1,2034.15,26012.97674,'FALSE'),('3/01/2025','COMP003',2021.01,2026.12,2015.9,2015.94,12745,3,1,2015.94,26012.97674,'FALSE'),('6/01/2025','COMP003',1992.73,2018.24,1967.23,2007.26,15288,6,1,2007.26,26012.97674,'FALSE'),('7/01/2025','COMP003',1972.17,1991.18,1953.17,1987.12,4342,7,1,1987.12,26012.97674,'FALSE'),('8/01/2025','COMP003',2005.09,2034.91,1975.28,2003.07,24411,8,1,2003.07,26012.97674,'FALSE'),('9/01/2025','COMP003',1999.94,2032.18,1967.71,1998.6,4093,9,1,1998.6,26012.97674,'FALSE'),('10/01/2025','COMP003',1960.4,1980.14,1940.66,1974.95,45413,10,1,1974.95,26012.97674,'FALSE'),('13/01/2025','COMP003',1986.24,1997.86,1974.62,1991.84,40214,13,1,1991.84,26012.97674,'FALSE'),('14/01/2025','COMP003',2007.88,2029.17,1986.58,2012.28,49901,14,1,2012.28,26012.97674,'FALSE'),('15/01/2025','COMP003',2017.46,2041.64,1993.28,2011.07,6626,15,1,2011.07,26012.97674,'FALSE'),('16/01/2025','COMP003',1985.13,2011.13,1959.13,1994.8,20982,16,1,1994.8,26012.97674,'FALSE'),('17/01/2025','COMP003',2062.31,2081.71,2042.9,2051.12,20440,17,1,2051.12,26012.97674,'FALSE'),('20/01/2025','COMP003',2066.25,2087.27,2045.23,2060.42,39158,20,1,2060.42,26012.97674,'FALSE'),('21/01/2025','COMP003',2026.64,2047.22,2006.06,2028.09,22563,21,1,2028.09,26012.97674,'FALSE'),('22/01/2025','COMP003',2050.93,2072.7,2029.16,2065.04,4380,22,1,2065.04,26012.97674,'FALSE'),('23/01/2025','COMP003',2037.25,2049.66,2024.84,2043.38,21017,23,1,2043.38,26012.97674,'FALSE'),('24/01/2025','COMP003',2118.55,2147.9,2089.2,2115.7,18343,24,1,2115.7,26012.97674,'FALSE'),('27/01/2025','COMP003',2105.25,2130.79,2079.7,2118.33,16251,27,1,2118.33,26012.97674,'FALSE'),('28/01/2025','COMP003',2152.82,2180.25,2125.39,2146.06,12536,28,1,2146.06,26012.97674,'FALSE'),('29/01/2025','COMP003',2098.57,2116.45,2080.7,2091.05,9712,29,1,2091.05,26012.97674,'FALSE'),('30/01/2025','COMP003',2051.99,2066.23,2037.75,2057.98,6109,30,1,2057.98,26012.97674,'FALSE'),('31/01/2025','COMP003',2087.82,2107,2068.64,2093.35,17967,31,1,2093.35,26012.97674,'FALSE'),('3/02/2025','COMP003',2099.21,2115.3,2083.11,2102.25,37935,34,1,2102.25,26012.97674,'FALSE'),('4/02/2025','COMP003',2152.91,2177.61,2128.2,2157.56,30009,35,1,2157.56,26012.97674,'FALSE'),('5/02/2025','COMP003',2168.7,2192.15,2145.25,2171.31,27143,36,1,2171.31,26012.97674,'FALSE'),('6/02/2025','COMP003',2173.63,2204.4,2142.86,2175.81,21581,37,1,2175.81,26012.97674,'FALSE'),('7/02/2025','COMP003',2227.9,2264.2,2191.61,2223.82,4762,38,1,2223.82,26012.97674,'FALSE'),('10/02/2025','COMP003',2249.75,2257.57,2241.93,2252.84,39559,41,1,2252.84,26012.97674,'FALSE'),('11/02/2025','COMP003',2237.38,2248.64,2226.13,2247.81,31811,42,1,2247.81,26012.97674,'FALSE'),('12/02/2025','COMP003',2220.73,2248.72,2192.74,2217.57,23431,43,1,2217.57,26012.97674,'FALSE'),('13/02/2025','COMP003',2171.5,2193.32,2149.68,2152.8,7368,44,1,2152.8,26012.97674,'FALSE'),('14/02/2025','COMP003',2135.84,2145.23,2126.45,2141.47,24116,45,1,2141.47,26012.97674,'FALSE'),('17/02/2025','COMP003',2103.49,2113.52,2093.45,2110.2,44201,48,1,2110.2,26012.97674,'FALSE'),('18/02/2025','COMP003',2197.87,2223.56,2172.17,2180.93,11361,49,1,2180.93,26012.97674,'FALSE'),('19/02/2025','COMP003',2176.64,2198.29,2154.98,2163.65,10078,50,1,2163.65,26012.97674,'FALSE'),('20/02/2025','COMP003',2139.73,2174.53,2104.93,2145.76,39850,51,1,2145.76,26012.97674,'FALSE'),('21/02/2025','COMP003',2111.88,2143.27,2080.48,2105.53,27015,52,1,2105.53,26012.97674,'FALSE'),('24/02/2025','COMP003',2085.62,2111.52,2059.72,2098.98,37679,55,1,2098.98,26012.97674,'FALSE'),('25/02/2025','COMP003',2080.15,2111.71,2048.59,2081.97,14629,56,1,2081.97,26012.97674,'FALSE'),('26/02/2025','COMP003',2131.28,2154.63,2107.94,2128.56,34226,57,1,2128.56,26012.97674,'FALSE'),('27/02/2025','COMP003',2141,2171.78,2110.23,2133.59,28961,58,1,2133.59,26012.97674,'FALSE'),('28/02/2025','COMP003',2140.33,2167.31,2113.34,2133.86,22288,59,1,2133.86,26012.97674,'FALSE'),('3/03/2025','COMP003',2124.9,2137.74,2112.06,2130.75,16313,62,1,2130.75,26012.97674,'FALSE'),('4/03/2025','COMP003',2148.45,2155.07,2141.84,2152.47,2560,63,1,2152.47,26012.97674,'TRUE'),('5/03/2025','COMP003',2154.72,2178.08,2131.37,2140.75,21022,64,1,2140.75,26012.97674,'FALSE'),('6/03/2025','COMP003',2153.42,2179.64,2127.19,2159.34,29380,65,1,2159.34,26012.97674,'FALSE'),('7/03/2025','COMP003',2207.11,2239.03,2175.18,2204.22,25363,66,1,2204.22,26012.97674,'FALSE'),('10/03/2025','COMP003',2213.93,2242.19,2185.66,2217.56,1661,69,1,2217.56,26012.97674,'TRUE'),('11/03/2025','COMP003',2206.47,2225.82,2187.13,2211.12,26658,70,1,2211.12,26012.97674,'FALSE'),('12/03/2025','COMP003',2195.09,2213.66,2176.52,2185.24,29706,71,1,2185.24,26012.97674,'FALSE'),('13/03/2025','COMP003',2173.89,2187.81,2159.97,2178.2,47286,72,1,2178.2,26012.97674,'FALSE'),('14/03/2025','COMP003',2189.73,2205.53,2173.92,2194.23,8005,73,1,2194.23,26012.97674,'FALSE'),('17/03/2025','COMP003',2164.51,2194.15,2134.87,2152.78,35839,76,1,2152.78,26012.97674,'FALSE'),('18/03/2025','COMP003',2177.7,2194.49,2160.91,2175.97,26963,77,1,2175.97,26012.97674,'FALSE'),('19/03/2025','COMP003',2187.92,2215.69,2160.15,2182.19,49689,78,1,2182.19,26012.97674,'FALSE'),('20/03/2025','COMP003',2184.89,2216.39,2153.39,2178.61,7563,79,1,2178.61,26012.97674,'FALSE'),('21/03/2025','COMP003',2153.19,2162.37,2144,2161.1,13003,80,1,2161.1,26012.97674,'FALSE'),('24/03/2025','COMP003',2148.09,2186.21,2109.97,2148.68,46350,83,1,2148.68,26012.97674,'FALSE'),('25/03/2025','COMP003',2158.59,2177.41,2139.77,2165.42,43229,84,1,2165.42,26012.97674,'FALSE'),('26/03/2025','COMP003',2161.91,2177.98,2145.84,2162.44,34297,85,1,2162.44,26012.97674,'FALSE'),('27/03/2025','COMP003',2147.16,2176.49,2117.83,2149.35,28490,86,1,2149.35,26012.97674,'FALSE'),('28/03/2025','COMP003',2170.6,2196.15,2145.06,2162.59,13765,87,1,2162.59,26012.97674,'FALSE'),('31/03/2025','COMP003',2175.74,2184.82,2166.65,2177,23861,90,1,2177,26012.97674,'FALSE'),('1/04/2025','COMP003',2145.65,2165.49,2125.81,2143.51,45965,91,1,2143.51,26012.97674,'FALSE'),('2/04/2025','COMP003',2164.81,2180.78,2148.84,2159.52,31523,92,1,2159.52,26012.97674,'FALSE'),('3/04/2025','COMP003',2225.01,2247.25,2202.76,2229.19,36046,93,1,2229.19,26012.97674,'FALSE'),('4/04/2025','COMP003',2237.71,2259.07,2216.36,2242.96,46893,94,1,2242.96,26012.97674,'FALSE'),('7/04/2025','COMP003',2203.44,2224.62,2182.27,2195.98,3113,97,1,2195.98,26012.97674,'FALSE'),('8/04/2025','COMP003',2220.1,2239.19,2201.02,2201.42,14760,98,1,2201.42,26012.97674,'FALSE'),('9/04/2025','COMP003',2165.56,2185.02,2146.1,2151.73,13588,99,1,2151.73,26012.97674,'FALSE'),('10/04/2025','COMP003',2239.92,2250.48,2229.35,2239.87,45738,100,1,2239.87,26012.97674,'FALSE'),('11/04/2025','COMP003',2306.96,2324.77,2289.15,2304.4,6724,101,1,2304.4,26012.97674,'FALSE'),('14/04/2025','COMP003',2274.45,2301.1,2247.8,2285.69,43240,104,1,2285.69,26012.97674,'FALSE'),('15/04/2025','COMP003',2219.38,2242.44,2196.33,2222.46,24499,105,1,2222.46,26012.97674,'FALSE'),('16/04/2025','COMP003',2210.39,2229.6,2191.18,2198.52,7099,106,1,2198.52,26012.97674,'FALSE'),('17/04/2025','COMP003',2189.08,2210.68,2167.47,2194.04,7116,107,1,2194.04,26012.97674,'FALSE'),('18/04/2025','COMP003',2141.05,2169.29,2112.82,2146.38,10847,108,1,2146.38,26012.97674,'FALSE'),('21/04/2025','COMP003',2149.75,2179.59,2119.92,2145.03,2742,111,1,2145.03,26012.97674,'FALSE'),('22/04/2025','COMP003',2140.86,2164.37,2117.36,2140.47,35707,112,1,2140.47,26012.97674,'FALSE'),('23/04/2025','COMP003',2148.92,2155.93,2141.91,2144.36,48614,113,1,2144.36,26012.97674,'FALSE'),('24/04/2025','COMP003',2154.95,2161.03,2148.86,2151.09,16360,114,1,2151.09,26012.97674,'FALSE'),('25/04/2025','COMP003',2118.57,2130.77,2106.36,2125.58,29404,115,1,2125.58,26012.97674,'FALSE'),('28/04/2025','COMP003',2103.04,2107.08,2099.01,2103.35,34997,118,1,2103.35,26012.97674,'FALSE'),('29/04/2025','COMP003',2111.18,2134.04,2088.33,2105.06,36057,119,1,2105.06,26012.97674,'FALSE'),('30/04/2025','COMP003',2108.95,2129.21,2088.68,2088.89,46272,120,1,2088.89,26012.97674,'FALSE'),('1/05/2025','COMP003',2108.58,2140.43,2076.73,2113.41,7638,121,1,2113.41,26012.97674,'FALSE'),('2/05/2025','COMP003',2118.66,2136.94,2100.38,2114.87,14605,122,1,2114.87,26012.97674,'FALSE'),('5/05/2025','COMP003',2168.05,2171.72,2164.37,2165.67,33556,125,1,2165.67,26012.97674,'FALSE'),('6/05/2025','COMP003',2171.27,2194.98,2147.55,2188.69,18275,126,1,2188.69,26012.97674,'FALSE'),('7/05/2025','COMP003',2213.29,2249.77,2176.81,2219.87,42974,127,1,2219.87,26012.97674,'FALSE'),('8/05/2025','COMP003',2229.2,2254.03,2204.37,2224.11,38380,128,1,2224.11,26012.97674,'FALSE'),('9/05/2025','COMP003',2244.84,2272,2217.67,2229.05,49320,129,1,2229.05,26012.97674,'FALSE'),('12/05/2025','COMP003',2276.33,2316.95,2235.7,2278.75,23473,132,1,2278.75,26012.97674,'FALSE'),('13/05/2025','COMP003',2263.32,2269.25,2257.38,2268.46,25089,133,1,2268.46,26012.97674,'FALSE'),('14/05/2025','COMP003',2291.5,2324.39,2258.61,2284.68,30259,134,1,2284.68,26012.97674,'FALSE'),('15/05/2025','COMP003',2262.03,2282.73,2241.34,2277.57,31659,135,1,2277.57,26012.97674,'FALSE'),('16/05/2025','COMP003',2280.88,2301.14,2260.63,2270.42,48055,136,1,2270.42,26012.97674,'FALSE'),('19/05/2025','COMP003',2241.34,2274.77,2207.91,2237.76,27984,139,1,2237.76,26012.97674,'FALSE'),('20/05/2025','COMP003',2205.23,2222.18,2188.28,2217.45,38873,140,1,2217.45,26012.97674,'FALSE'),('21/05/2025','COMP003',2198.48,2218.72,2178.25,2192.19,8848,141,1,2192.19,26012.97674,'FALSE'),('22/05/2025','COMP003',2214.52,2253.09,2175.95,2209.2,20614,142,1,2209.2,26012.97674,'FALSE'),('23/05/2025','COMP003',2235.74,2271.94,2199.53,2238.87,49508,143,1,2238.87,26012.97674,'FALSE'),('26/05/2025','COMP003',2233.14,2270.96,2195.32,2236.73,5114,146,1,2236.73,26012.97674,'FALSE'),('27/05/2025','COMP003',2244.77,2280,2209.54,2243.75,34768,147,1,2243.75,26012.97674,'FALSE'),('28/05/2025','COMP003',2227.62,2254.19,2201.05,2239.98,4712,148,1,2239.98,26012.97674,'FALSE'),('29/05/2025','COMP003',2208.33,2223.07,2193.59,2217.74,27200,149,1,2217.74,26012.97674,'FALSE'),('30/05/2025','COMP003',2235.73,2257.22,2214.23,2242.5,38574,150,1,2242.5,26012.97674,'FALSE'),('2/06/2025','COMP003',2265.69,2287.03,2244.34,2261.55,32324,153,1,2261.55,26012.97674,'FALSE'),('3/06/2025','COMP003',2213.45,2228.61,2198.29,2208.79,29144,154,1,2208.79,26012.97674,'FALSE'),('4/06/2025','COMP003',2210.91,2221.01,2200.8,2201.45,45298,155,1,2201.45,26012.97674,'FALSE'),('5/06/2025','COMP003',2176.23,2203.92,2148.53,2177.64,26537,156,1,2177.64,26012.97674,'FALSE'),('6/06/2025','COMP003',2169.27,2187.55,2150.99,2167.45,29441,157,1,2167.45,26012.97674,'FALSE'),('9/06/2025','COMP003',2151.98,2190.64,2113.31,2149.73,27523,160,1,2149.73,26012.97674,'FALSE'),('10/06/2025','COMP003',2142.21,2150.09,2134.32,2148.99,33779,161,1,2148.99,26012.97674,'FALSE'),('11/06/2025','COMP003',2132.5,2146.96,2118.04,2140.58,28598,162,1,2140.58,26012.97674,'FALSE'),('12/06/2025','COMP003',2130.06,2154.39,2105.73,2131.64,26519,163,1,2131.64,26012.97674,'FALSE'),('13/06/2025','COMP003',2157.84,2185.86,2129.81,2162.11,27987,164,1,2162.11,26012.97674,'FALSE'),('16/06/2025','COMP003',2198.27,2219.48,2177.06,2177.86,34174,167,1,2177.86,26012.97674,'FALSE'),('17/06/2025','COMP003',2149.08,2177.75,2120.42,2159.14,28764,168,1,2159.14,26012.97674,'FALSE'),('18/06/2025','COMP003',2158.63,2183.11,2134.15,2144.59,9906,169,1,2144.59,26012.97674,'FALSE'),('19/06/2025','COMP003',2162.38,2174.84,2149.92,2158.44,38650,170,1,2158.44,26012.97674,'FALSE'),('20/06/2025','COMP003',2163.98,2176.74,2151.22,2172.33,8151,171,1,2172.33,26012.97674,'FALSE'),('23/06/2025','COMP003',2153.21,2178.94,2127.48,2156.38,43652,174,1,2156.38,26012.97674,'FALSE'),('24/06/2025','COMP003',2156.22,2185.09,2127.36,2150.55,43641,175,1,2150.55,26012.97674,'FALSE'),('25/06/2025','COMP003',2189,2219.3,2158.69,2201.7,35905,176,1,2201.7,26012.97674,'FALSE'),('26/06/2025','COMP003',2184.71,2191.33,2178.09,2186.01,49478,177,1,2186.01,26012.97674,'FALSE'),('27/06/2025','COMP003',2241.14,2278.3,2203.98,2239.8,4654,178,1,2239.8,26012.97674,'FALSE'),('30/06/2025','COMP003',2260.39,2285.12,2235.66,2271.71,9636,181,1,2271.71,26012.97674,'FALSE'),('1/01/2025','COMP004',599.36,604.27,594.44,600.52,36262,1,3,200.1733333,27069.81395,'FALSE'),('2/01/2025','COMP004',603.07,608.21,597.92,600.52,21733,2,3,200.1733333,27069.81395,'FALSE'),('3/01/2025','COMP004',606.29,612.14,600.44,604.86,7430,3,3,201.62,27069.81395,'FALSE'),('6/01/2025','COMP004',602.34,607.45,597.23,606.71,32497,6,3,202.2366667,27069.81395,'FALSE'),('7/01/2025','COMP004',615.69,619.99,611.39,617.37,47332,7,3,205.79,27069.81395,'FALSE'),('8/01/2025','COMP004',620.49,626.16,614.82,618.5,38846,8,3,206.1666667,27069.81395,'FALSE'),('9/01/2025','COMP004',615.9,618.25,613.55,615.3,6448,9,3,205.1,27069.81395,'FALSE'),('10/01/2025','COMP004',619.59,626.05,613.13,616.4,7406,10,3,205.4666667,27069.81395,'FALSE'),('13/01/2025','COMP004',624.69,629.38,620.01,620.78,33003,13,3,206.9266667,27069.81395,'FALSE'),('14/01/2025','COMP004',623.82,629.18,618.47,621.31,44108,14,3,207.1033333,27069.81395,'FALSE'),('15/01/2025','COMP004',623.7,629.43,617.97,621.78,42779,15,3,207.26,27069.81395,'FALSE'),('16/01/2025','COMP004',615.26,624.53,605.99,616.45,16422,16,3,205.4833333,27069.81395,'FALSE'),('17/01/2025','COMP004',613.84,621.15,606.52,611.47,34535,17,3,203.8233333,27069.81395,'FALSE'),('20/01/2025','COMP004',599.86,603.24,596.48,600.9,27715,20,3,200.3,27069.81395,'FALSE'),('21/01/2025','COMP004',616.31,620.36,612.27,614.44,39908,21,3,204.8133333,27069.81395,'FALSE'),('22/01/2025','COMP004',609.62,614.34,604.9,605.03,5481,22,3,201.6766667,27069.81395,'FALSE'),('23/01/2025','COMP004',598.21,601.52,594.89,599.91,38605,23,3,199.97,27069.81395,'FALSE'),('24/01/2025','COMP004',591.67,597.74,585.61,594.65,41761,24,3,198.2166667,27069.81395,'FALSE'),('27/01/2025','COMP004',598.95,603.82,594.09,601.54,23740,27,3,200.5133333,27069.81395,'FALSE'),('28/01/2025','COMP004',600.68,609.45,591.9,599.45,17052,28,3,199.8166667,27069.81395,'FALSE'),('29/01/2025','COMP004',608.13,618.85,597.4,609.09,1163,29,3,203.03,27069.81395,'TRUE'),('30/01/2025','COMP004',604.72,608.57,600.88,604.09,11634,30,3,201.3633333,27069.81395,'FALSE'),('31/01/2025','COMP004',603.99,611.87,596.12,606.36,30300,31,3,202.12,27069.81395,'FALSE'),('3/02/2025','COMP004',602.18,606.01,598.35,600.15,38487,34,3,200.05,27069.81395,'FALSE'),('4/02/2025','COMP004',618.35,625.84,610.87,616.74,15056,35,3,205.58,27069.81395,'FALSE'),('5/02/2025','COMP004',606.24,615.19,597.28,607.73,44404,36,3,202.5766667,27069.81395,'FALSE'),('6/02/2025','COMP004',610.44,611.87,609,610.25,4191,37,3,203.4166667,27069.81395,'FALSE'),('7/02/2025','COMP004',612.99,619.17,606.82,615.29,4631,38,3,205.0966667,27069.81395,'FALSE'),('10/02/2025','COMP004',615.02,621.8,608.25,618.65,21281,41,3,206.2166667,27069.81395,'FALSE'),('11/02/2025','COMP004',614.1,620.48,607.71,617.36,42674,42,3,205.7866667,27069.81395,'FALSE'),('12/02/2025','COMP004',617.17,622.6,611.73,616.49,24253,43,3,205.4966667,27069.81395,'FALSE'),('13/02/2025','COMP004',617.12,624.84,609.41,616.98,8099,44,3,205.66,27069.81395,'FALSE'),('14/02/2025','COMP004',613.33,621.54,605.11,615.99,48684,45,3,205.33,27069.81395,'FALSE'),('17/02/2025','COMP004',625.06,632.86,617.27,623.66,27724,48,3,207.8866667,27069.81395,'FALSE'),('18/02/2025','COMP004',641.49,642.04,640.94,641.43,29758,49,3,213.81,27069.81395,'FALSE'),('19/02/2025','COMP004',641.19,646.22,636.17,637.09,25034,50,3,212.3633333,27069.81395,'FALSE'),('20/02/2025','COMP004',620.42,626.49,614.36,626.34,23804,51,3,208.78,27069.81395,'FALSE'),('21/02/2025','COMP004',625.32,630.64,620.01,625.79,49355,52,3,208.5966667,27069.81395,'FALSE'),('24/02/2025','COMP004',643.87,651.14,636.6,646.62,39278,55,3,215.54,27069.81395,'FALSE'),('25/02/2025','COMP004',643,650.29,635.71,640.25,28065,56,3,213.4166667,27069.81395,'FALSE'),('26/02/2025','COMP004',650.1,655.06,645.14,653.77,11759,57,3,217.9233333,27069.81395,'FALSE'),('27/02/2025','COMP004',669.53,671.44,667.61,667.89,14279,58,3,222.63,27069.81395,'FALSE'),('28/02/2025','COMP004',660.86,670.24,651.48,663.41,36144,59,3,221.1366667,27069.81395,'FALSE'),('3/03/2025','COMP004',669.52,673.45,665.59,668.34,12824,62,3,222.78,27069.81395,'FALSE'),('4/03/2025','COMP004',682.32,685.84,678.8,682.36,43600,63,3,227.4533333,27069.81395,'FALSE'),('5/03/2025','COMP004',680.04,688.02,672.06,679.27,21669,64,3,226.4233333,27069.81395,'FALSE'),('6/03/2025','COMP004',681.58,689.83,673.32,677.69,21131,65,3,225.8966667,27069.81395,'FALSE'),('7/03/2025','COMP004',668.28,676.84,659.71,672.9,34548,66,3,224.3,27069.81395,'FALSE'),('10/03/2025','COMP004',663.41,672.25,654.57,664.51,10503,69,3,221.5033333,27069.81395,'FALSE'),('11/03/2025','COMP004',662.29,667.38,657.19,659.25,17905,70,3,219.75,27069.81395,'FALSE'),('12/03/2025','COMP004',645.49,653.71,637.27,649.32,27806,71,3,216.44,27069.81395,'FALSE'),('13/03/2025','COMP004',647.93,650.99,644.87,649.76,40896,72,3,216.5866667,27069.81395,'FALSE'),('14/03/2025','COMP004',642.93,645.74,640.11,643.64,15291,73,3,214.5466667,27069.81395,'FALSE'),('17/03/2025','COMP004',645.2,647.26,643.14,645.69,34453,76,3,215.23,27069.81395,'FALSE'),('18/03/2025','COMP004',627.1,633.47,620.74,633.31,31841,77,3,211.1033333,27069.81395,'FALSE'),('19/03/2025','COMP004',635.81,646.48,625.14,636.1,11736,78,3,212.0333333,27069.81395,'FALSE'),('20/03/2025','COMP004',641.13,646.29,635.97,642.97,35964,79,3,214.3233333,27069.81395,'FALSE'),('21/03/2025','COMP004',629.02,636.64,621.39,627.17,15215,80,3,209.0566667,27069.81395,'FALSE'),('24/03/2025','COMP004',631.48,639.71,623.25,630.28,30334,83,3,210.0933333,27069.81395,'FALSE'),('25/03/2025','COMP004',643.32,648.66,637.99,640.26,21714,84,3,213.42,27069.81395,'FALSE'),('26/03/2025','COMP004',629.02,634.12,623.92,630.73,49908,85,3,210.2433333,27069.81395,'FALSE'),('27/03/2025','COMP004',644.52,646.44,642.61,644.31,25858,86,3,214.77,27069.81395,'FALSE'),('28/03/2025','COMP004',650.97,660.38,641.55,647.88,47486,87,3,215.96,27069.81395,'FALSE'),('31/03/2025','COMP004',642.99,653.1,632.89,642.3,4754,90,3,214.1,27069.81395,'FALSE'),('1/04/2025','COMP004',642.1,651.74,632.46,642,9706,91,3,214,27069.81395,'FALSE'),('2/04/2025','COMP004',644.96,650.54,639.38,646.69,30725,92,3,215.5633333,27069.81395,'FALSE'),('3/04/2025','COMP004',649,658.77,639.22,647.46,37068,93,3,215.82,27069.81395,'FALSE'),('4/04/2025','COMP004',650.06,654.11,646.01,652.03,37495,94,3,217.3433333,27069.81395,'FALSE'),('7/04/2025','COMP004',645.11,655.13,635.1,644.66,17832,97,3,214.8866667,27069.81395,'FALSE'),('8/04/2025','COMP004',646.73,649.78,643.68,646.19,43815,98,3,215.3966667,27069.81395,'FALSE'),('9/04/2025','COMP004',638.72,645.09,632.34,634.93,4081,99,3,211.6433333,27069.81395,'FALSE'),('10/04/2025','COMP004',633.74,643.61,623.86,634.2,15042,100,3,211.4,27069.81395,'FALSE'),('11/04/2025','COMP004',626.12,629.52,622.71,627.16,38900,101,3,209.0533333,27069.81395,'FALSE'),('14/04/2025','COMP004',621.62,628.22,615.01,621.53,44241,104,3,207.1766667,27069.81395,'FALSE'),('15/04/2025','COMP004',636.02,641.04,630.99,631.43,27832,105,3,210.4766667,27069.81395,'FALSE'),('16/04/2025','COMP004',635.6,640.47,630.73,640.33,41372,106,3,213.4433333,27069.81395,'FALSE'),('17/04/2025','COMP004',645.68,650.16,641.19,645.41,35546,107,3,215.1366667,27069.81395,'FALSE'),('18/04/2025','COMP004',639.11,647.47,630.75,636.74,24762,108,3,212.2466667,27069.81395,'FALSE'),('21/04/2025','COMP004',638.35,647,629.69,634.36,10596,111,3,211.4533333,27069.81395,'FALSE'),('22/04/2025','COMP004',643.4,652.58,634.23,644.29,2013,112,3,214.7633333,27069.81395,'TRUE'),('23/04/2025','COMP004',646.89,653.25,640.53,645.59,39356,113,3,215.1966667,27069.81395,'FALSE'),('24/04/2025','COMP004',663.72,664.92,662.52,664.89,15537,114,3,221.63,27069.81395,'FALSE'),('25/04/2025','COMP004',670.12,676.64,663.6,668.35,34848,115,3,222.7833333,27069.81395,'FALSE'),('28/04/2025','COMP004',670.03,675.33,664.74,670.13,44590,118,3,223.3766667,27069.81395,'FALSE'),('29/04/2025','COMP004',666.61,674.11,659.11,667.69,17087,119,3,222.5633333,27069.81395,'FALSE'),('30/04/2025','COMP004',668.16,670.36,665.95,668.97,7643,120,3,222.99,27069.81395,'FALSE'),('1/05/2025','COMP004',667.56,675.33,659.78,667.85,1161,121,3,222.6166667,27069.81395,'TRUE'),('2/05/2025','COMP004',673.97,682.07,665.87,673.99,29731,122,3,224.6633333,27069.81395,'FALSE'),('5/05/2025','COMP004',680.18,686.72,673.64,682.33,13693,125,3,227.4433333,27069.81395,'FALSE'),('6/05/2025','COMP004',675.42,685.16,665.68,675.76,22817,126,3,225.2533333,27069.81395,'FALSE'),('7/05/2025','COMP004',664.14,674.09,654.2,664.68,49831,127,3,221.56,27069.81395,'FALSE'),('8/05/2025','COMP004',650.59,656.4,644.78,649.64,6469,128,3,216.5466667,27069.81395,'FALSE'),('9/05/2025','COMP004',653.27,658.26,648.29,653.96,34937,129,3,217.9866667,27069.81395,'FALSE'),('12/05/2025','COMP004',647.08,649.88,644.28,645.09,26051,132,3,215.03,27069.81395,'FALSE'),('13/05/2025','COMP004',626.33,637.22,615.44,627.98,34787,133,3,209.3266667,27069.81395,'FALSE'),('14/05/2025','COMP004',632,634.99,629.02,631.21,46253,134,3,210.4033333,27069.81395,'FALSE'),('15/05/2025','COMP004',650.53,659.79,641.27,651.5,19394,135,3,217.1666667,27069.81395,'FALSE'),('16/05/2025','COMP004',649.62,660.55,638.69,651.61,49998,136,3,217.2033333,27069.81395,'FALSE'),('19/05/2025','COMP004',658.58,666.22,650.94,658.69,31268,139,3,219.5633333,27069.81395,'FALSE'),('20/05/2025','COMP004',664.89,672.44,657.34,659.52,47698,140,3,219.84,27069.81395,'FALSE'),('21/05/2025','COMP004',653.54,659.18,647.9,658.86,36525,141,2,329.43,27069.81395,'FALSE'),('22/05/2025','COMP004',668.15,673.6,662.71,666.69,24284,142,2,333.345,27069.81395,'FALSE'),('23/05/2025','COMP004',659.12,665.16,653.08,664.41,6017,143,2,332.205,27069.81395,'FALSE'),('26/05/2025','COMP004',667.02,678.45,655.59,666.82,23436,146,2,333.41,27069.81395,'FALSE'),('27/05/2025','COMP004',669.99,676.12,663.85,669.68,26279,147,2,334.84,27069.81395,'FALSE'),('28/05/2025','COMP004',666.55,670.64,662.45,664.23,20715,148,2,332.115,27069.81395,'FALSE'),('29/05/2025','COMP004',667,673.41,660.58,672.74,30312,149,2,336.37,27069.81395,'FALSE'),('30/05/2025','COMP004',676.61,681.9,671.33,671.42,14493,150,2,335.71,27069.81395,'FALSE'),('2/06/2025','COMP004',665.84,668.21,663.47,665.22,8736,153,2,332.61,27069.81395,'FALSE'),('3/06/2025','COMP004',670.52,679.95,661.09,669.89,46603,154,2,334.945,27069.81395,'FALSE'),('4/06/2025','COMP004',660.72,662.68,658.76,662.51,38481,155,2,331.255,27069.81395,'FALSE'),('5/06/2025','COMP004',663.03,666.64,659.43,662.9,1162,156,2,331.45,27069.81395,'TRUE'),('6/06/2025','COMP004',659.59,666.63,652.54,662.98,33591,157,2,331.49,27069.81395,'FALSE'),('9/06/2025','COMP004',671.88,677.26,666.51,672.27,8896,160,2,336.135,27069.81395,'FALSE'),('10/06/2025','COMP004',681.28,686.97,675.58,676.47,31508,161,2,338.235,27069.81395,'FALSE'),('11/06/2025','COMP004',681.87,687.95,675.78,676.41,41785,162,2,338.205,27069.81395,'FALSE'),('12/06/2025','COMP004',688.83,695.97,681.68,683.58,48299,163,2,341.79,27069.81395,'FALSE'),('13/06/2025','COMP004',692.65,700.21,685.08,695.83,32358,164,1,695.83,27069.81395,'FALSE'),('16/06/2025','COMP004',697.43,704.22,690.63,700.9,49330,167,1,700.9,27069.81395,'FALSE'),('17/06/2025','COMP004',703.99,714.67,693.3,701.16,40110,168,1,701.16,27069.81395,'FALSE'),('18/06/2025','COMP004',686.83,695.26,678.41,689.83,37727,169,1,689.83,27069.81395,'FALSE'),('19/06/2025','COMP004',677.59,684.34,670.85,680.8,19745,170,1,680.8,27069.81395,'FALSE'),('20/06/2025','COMP004',684.01,691.63,676.38,678.34,35521,171,1,678.34,27069.81395,'FALSE'),('23/06/2025','COMP004',672.33,675.89,668.76,673.32,23360,174,1,673.32,27069.81395,'FALSE'),('24/06/2025','COMP004',671.76,684.62,658.89,671.89,7588,175,1,671.89,27069.81395,'FALSE'),('25/06/2025','COMP004',672.28,674.07,670.5,672.53,25259,176,1,672.53,27069.81395,'FALSE'),('26/06/2025','COMP004',679.42,682.86,675.99,677.2,34365,177,1,677.2,27069.81395,'FALSE'),('27/06/2025','COMP004',677.01,684.35,669.67,676.76,33316,178,1,676.76,27069.81395,'FALSE'),('30/06/2025','COMP004',679.88,684.18,675.58,681.08,19474,181,1,681.08,27069.81395,'FALSE'),('1/01/2025','COMP005',228.35,231.47,225.23,229.72,13109,1,1,229.72,24705.67442,'FALSE'),('2/01/2025','COMP005',236.16,237.33,234.99,235.08,24383,2,1,235.08,24705.67442,'FALSE'),('3/01/2025','COMP005',232.68,235.02,230.35,234.89,19351,3,1,234.89,24705.67442,'FALSE'),('6/01/2025','COMP005',231.89,235.8,227.98,232.51,20330,6,1,232.51,24705.67442,'FALSE'),('7/01/2025','COMP005',228.76,232.33,225.2,228.88,6075,7,1,228.88,24705.67442,'FALSE'),('8/01/2025','COMP005',229.59,233.26,225.92,228.77,49200,8,1,228.77,24705.67442,'FALSE'),('9/01/2025','COMP005',226.34,228.92,223.76,227.53,14074,9,1,227.53,24705.67442,'FALSE'),('10/01/2025','COMP005',235.2,237.5,232.9,233.42,35228,10,1,233.42,24705.67442,'FALSE'),('13/01/2025','COMP005',239.8,241.33,238.28,238.74,7816,13,1,238.74,24705.67442,'FALSE'),('14/01/2025','COMP005',236.1,237.92,234.29,235.71,30492,14,1,235.71,24705.67442,'FALSE'),('15/01/2025','COMP005',233.66,235.05,232.26,233.66,33808,15,1,233.66,24705.67442,'FALSE'),('16/01/2025','COMP005',231.94,234.16,229.71,233.94,15849,16,1,233.94,24705.67442,'FALSE'),('17/01/2025','COMP005',238.32,241.33,235.32,238.15,6374,17,1,238.15,24705.67442,'FALSE'),('20/01/2025','COMP005',237.99,238.75,237.23,238.38,32600,20,1,238.38,24705.67442,'FALSE'),('21/01/2025','COMP005',236.16,237.84,234.47,236.5,1778,21,1,236.5,24705.67442,'TRUE'),('22/01/2025','COMP005',236.71,241.08,232.33,236.38,31462,22,1,236.38,24705.67442,'FALSE'),('23/01/2025','COMP005',235.52,237.66,233.38,234.57,45900,23,1,234.57,24705.67442,'FALSE'),('24/01/2025','COMP005',237.56,239.24,235.87,236.41,3044,24,1,236.41,24705.67442,'FALSE'),('27/01/2025','COMP005',235.52,236.83,234.21,234.36,26634,27,1,234.36,24705.67442,'FALSE'),('28/01/2025','COMP005',232.8,236.78,228.82,232.92,45096,28,1,232.92,24705.67442,'FALSE'),('29/01/2025','COMP005',234.83,236.53,233.13,236.41,35215,29,1,236.41,24705.67442,'FALSE'),('30/01/2025','COMP005',233.91,235.67,232.15,234.19,43856,30,1,234.19,24705.67442,'FALSE'),('31/01/2025','COMP005',230.42,231.58,229.26,230.01,17789,31,1,230.01,24705.67442,'FALSE'),('3/02/2025','COMP005',230.29,233.14,227.44,230.34,31483,34,1,230.34,24705.67442,'FALSE'),('4/02/2025','COMP005',229.7,232.97,226.42,229.36,19230,35,1,229.36,24705.67442,'FALSE'),('5/02/2025','COMP005',231.83,233.26,230.41,230.89,22909,36,1,230.89,24705.67442,'FALSE'),('6/02/2025','COMP005',231.45,235.52,227.37,231.87,47571,37,1,231.87,24705.67442,'FALSE'),('7/02/2025','COMP005',232.65,236.24,229.05,231.84,12190,38,1,231.84,24705.67442,'FALSE'),('10/02/2025','COMP005',233.37,236.27,230.47,231.71,21389,41,1,231.71,24705.67442,'FALSE'),('11/02/2025','COMP005',229.21,229.95,228.46,229.63,27512,42,1,229.63,24705.67442,'FALSE'),('12/02/2025','COMP005',228.63,230.11,227.15,229.92,5378,43,1,229.92,24705.67442,'FALSE'),('13/02/2025','COMP005',232.23,233.2,231.26,232.55,25000,44,1,232.55,24705.67442,'FALSE'),('14/02/2025','COMP005',229.72,231.84,227.59,229.77,30538,45,1,229.77,24705.67442,'FALSE'),('17/02/2025','COMP005',228.85,230.71,227,229.81,31519,48,1,229.81,24705.67442,'FALSE'),('18/02/2025','COMP005',233.01,235.64,230.39,232.89,44056,49,1,232.89,24705.67442,'FALSE'),('19/02/2025','COMP005',233.94,234.47,233.4,234.43,38418,50,1,234.43,24705.67442,'FALSE'),('20/02/2025','COMP005',239.72,242.41,237.03,238.39,31502,51,1,238.39,24705.67442,'FALSE'),('21/02/2025','COMP005',237.29,240.54,234.04,236.74,13605,52,1,236.74,24705.67442,'FALSE'),('24/02/2025','COMP005',232.22,233.24,231.2,231.4,23760,55,1,231.4,24705.67442,'FALSE'),('25/02/2025','COMP005',232.76,233.88,231.64,232.04,5648,56,1,232.04,24705.67442,'FALSE'),('26/02/2025','COMP005',233.83,236.98,230.68,233.16,45602,57,1,233.16,24705.67442,'FALSE'),('27/02/2025','COMP005',236.4,239.68,233.12,237.27,5492,58,1,237.27,24705.67442,'FALSE'),('28/02/2025','COMP005',242.43,244.16,240.69,240.91,22386,59,1,240.91,24705.67442,'FALSE'),('3/03/2025','COMP005',242.25,243.24,241.27,242.6,45199,62,1,242.6,24705.67442,'FALSE'),('4/03/2025','COMP005',245.03,247.07,242.99,245.01,13743,63,1,245.01,24705.67442,'FALSE'),('5/03/2025','COMP005',245.48,247.76,243.21,244.47,7588,64,1,244.47,24705.67442,'FALSE'),('6/03/2025','COMP005',239.57,242.3,236.84,240.81,34755,65,1,240.81,24705.67442,'FALSE'),('7/03/2025','COMP005',243.2,245.18,241.21,241.22,14146,66,1,241.22,24705.67442,'FALSE'),('10/03/2025','COMP005',242.54,244.29,240.78,244.28,1726,69,1,244.28,24705.67442,'TRUE'),('11/03/2025','COMP005',244.32,246.57,242.08,246.37,47737,70,1,246.37,24705.67442,'FALSE'),('12/03/2025','COMP005',248.36,249.6,247.12,249.03,25995,71,1,249.03,24705.67442,'FALSE'),('13/03/2025','COMP005',248.37,249.58,247.15,247.75,11651,72,1,247.75,24705.67442,'FALSE'),('14/03/2025','COMP005',246.12,249.7,242.54,246.98,17715,73,1,246.98,24705.67442,'FALSE'),('17/03/2025','COMP005',247.87,248.95,246.79,248.55,6889,76,1,248.55,24705.67442,'FALSE'),('18/03/2025','COMP005',246.88,250.21,243.55,246.9,35610,77,1,246.9,24705.67442,'FALSE'),('19/03/2025','COMP005',246.8,248.28,245.31,245.36,13497,78,1,245.36,24705.67442,'FALSE'),('20/03/2025','COMP005',246.4,247.03,245.78,246.35,41486,79,1,246.35,24705.67442,'FALSE'),('21/03/2025','COMP005',249.15,253.12,245.18,248.78,12777,80,1,248.78,24705.67442,'FALSE'),('24/03/2025','COMP005',247.47,250.84,244.1,248.21,28997,83,1,248.21,24705.67442,'FALSE'),('25/03/2025','COMP005',244.98,245.36,244.6,244.66,29669,84,1,244.66,24705.67442,'FALSE'),('26/03/2025','COMP005',242.66,245.04,240.28,242.46,49438,85,1,242.46,24705.67442,'FALSE'),('27/03/2025','COMP005',244.44,245.95,242.93,243.14,10428,86,1,243.14,24705.67442,'FALSE'),('28/03/2025','COMP005',245.23,247.73,242.73,243.79,40832,87,1,243.79,24705.67442,'FALSE'),('31/03/2025','COMP005',244.77,248.15,241.4,244.59,35587,90,1,244.59,24705.67442,'FALSE'),('1/04/2025','COMP005',245.11,248.16,242.06,246.26,36426,91,1,246.26,24705.67442,'FALSE'),('2/04/2025','COMP005',245.19,246.72,243.66,246.33,11213,92,1,246.33,24705.67442,'FALSE'),('3/04/2025','COMP005',248.06,251.12,245.01,247.22,43849,93,1,247.22,24705.67442,'FALSE'),('4/04/2025','COMP005',246.97,249.03,244.91,247.13,40758,94,1,247.13,24705.67442,'FALSE'),('7/04/2025','COMP005',252.45,254.61,250.3,250.8,16434,97,1,250.8,24705.67442,'FALSE'),('8/04/2025','COMP005',255.96,258.4,253.53,255.42,2141,98,1,255.42,24705.67442,'TRUE'),('9/04/2025','COMP005',251.73,255.24,248.22,251.69,46734,99,1,251.69,24705.67442,'FALSE'),('10/04/2025','COMP005',251.81,253.51,250.11,250.94,17390,100,1,250.94,24705.67442,'FALSE'),('11/04/2025','COMP005',249.22,251.82,246.63,251.1,28840,101,1,251.1,24705.67442,'FALSE'),('14/04/2025','COMP005',251.84,255.06,248.62,250.32,41379,104,1,250.32,24705.67442,'FALSE'),('15/04/2025','COMP005',257.05,258.04,256.06,256.1,45014,105,1,256.1,24705.67442,'FALSE'),('16/04/2025','COMP005',256.01,257.25,254.78,256.88,12120,106,1,256.88,24705.67442,'FALSE'),('17/04/2025','COMP005',254.53,257.79,251.27,254.35,1929,107,1,254.35,24705.67442,'TRUE'),('18/04/2025','COMP005',257,260.64,253.36,256.33,49613,108,1,256.33,24705.67442,'FALSE'),('21/04/2025','COMP005',256.66,259.6,253.73,257.27,19284,111,1,257.27,24705.67442,'FALSE'),('22/04/2025','COMP005',260.24,263.34,257.14,258.32,20799,112,1,258.32,24705.67442,'FALSE'),('23/04/2025','COMP005',263.12,267,259.23,264.33,25323,113,1,264.33,24705.67442,'FALSE'),('24/04/2025','COMP005',265.27,266.09,264.46,265.57,38226,114,1,265.57,24705.67442,'FALSE'),('25/04/2025','COMP005',265.22,266.67,263.77,264.61,27417,115,1,264.61,24705.67442,'FALSE'),('28/04/2025','COMP005',258.67,259.85,257.48,258.24,3169,118,1,258.24,24705.67442,'FALSE'),('29/04/2025','COMP005',255.6,258.36,252.83,257.76,9036,119,1,257.76,24705.67442,'FALSE'),('30/04/2025','COMP005',262.18,264.58,259.77,262.1,1785,120,1,262.1,24705.67442,'TRUE'),('1/05/2025','COMP005',261.45,266.19,256.71,261.86,21538,121,1,261.86,24705.67442,'FALSE'),('2/05/2025','COMP005',256.09,259.53,252.65,254.63,37575,122,1,254.63,24705.67442,'FALSE'),('5/05/2025','COMP005',252.59,254.82,250.36,253.1,4236,125,1,253.1,24705.67442,'FALSE'),('6/05/2025','COMP005',256.21,258.8,253.62,256.35,9556,126,1,256.35,24705.67442,'FALSE'),('7/05/2025','COMP005',257.99,262.11,253.87,258.18,47633,127,1,258.18,24705.67442,'FALSE'),('8/05/2025','COMP005',255.82,259.75,251.9,255.52,5857,128,1,255.52,24705.67442,'FALSE'),('9/05/2025','COMP005',253.04,254.06,252.03,253.77,27132,129,1,253.77,24705.67442,'FALSE'),('12/05/2025','COMP005',253.55,257.4,249.7,252.52,10714,132,1,252.52,24705.67442,'FALSE'),('13/05/2025','COMP005',249.43,251.31,247.56,250.48,16996,133,1,250.48,24705.67442,'FALSE'),('14/05/2025','COMP005',243.77,246.38,241.15,244.21,27762,134,1,244.21,24705.67442,'FALSE'),('15/05/2025','COMP005',245.21,247.65,242.77,246.63,20554,135,1,246.63,24705.67442,'FALSE'),('16/05/2025','COMP005',251.27,255.04,247.5,250.63,47840,136,1,250.63,24705.67442,'FALSE'),('19/05/2025','COMP005',246.75,249.84,243.67,245.94,49980,139,1,245.94,24705.67442,'FALSE'),('20/05/2025','COMP005',248.12,250.62,245.62,249.88,36428,140,1,249.88,24705.67442,'FALSE'),('21/05/2025','COMP005',250.4,252.33,248.48,249.62,39975,141,1,249.62,24705.67442,'FALSE'),('22/05/2025','COMP005',253.54,256.57,250.52,253.56,27421,142,1,253.56,24705.67442,'FALSE'),('23/05/2025','COMP005',252.89,256.45,249.33,253.74,29308,143,1,253.74,24705.67442,'FALSE'),('26/05/2025','COMP005',254.74,258.03,251.44,254.24,8684,146,1,254.24,24705.67442,'FALSE'),('27/05/2025','COMP005',256.82,259.55,254.08,255.49,1557,147,1,255.49,24705.67442,'TRUE'),('28/05/2025','COMP005',250.66,253.2,248.12,253.02,1882,148,1,253.02,24705.67442,'TRUE'),('29/05/2025','COMP005',255.59,259.3,251.88,256.92,39635,149,1,256.92,24705.67442,'FALSE'),('30/05/2025','COMP005',254.04,257.2,250.88,253.38,13982,150,1,253.38,24705.67442,'FALSE'),('2/06/2025','COMP005',252.38,254.05,250.72,252.16,29064,153,1,252.16,24705.67442,'FALSE'),('3/06/2025','COMP005',254.2,256.75,251.65,253.89,13991,154,1,253.89,24705.67442,'FALSE'),('4/06/2025','COMP005',252.11,254.81,249.41,252.32,31386,155,1,252.32,24705.67442,'FALSE'),('5/06/2025','COMP005',255.99,259.43,252.55,254.87,22083,156,1,254.87,24705.67442,'FALSE'),('6/06/2025','COMP005',259.55,263.68,255.42,259.39,42862,157,1,259.39,24705.67442,'FALSE'),('9/06/2025','COMP005',264.77,267.8,261.73,262.78,49456,160,1,262.78,24705.67442,'FALSE'),('10/06/2025','COMP005',256.65,256.81,256.49,256.51,3384,161,1,256.51,24705.67442,'FALSE'),('11/06/2025','COMP005',256.86,261.33,252.39,256.98,15482,162,1,256.98,24705.67442,'FALSE'),('12/06/2025','COMP005',260.54,262.02,259.06,260.39,47092,163,1,260.39,24705.67442,'FALSE'),('13/06/2025','COMP005',258.09,261.15,255.04,256.17,25566,164,1,256.17,24705.67442,'FALSE'),('16/06/2025','COMP005',257.39,258.67,256.11,258.58,37188,167,1,258.58,24705.67442,'FALSE'),('17/06/2025','COMP005',258.63,260.98,256.27,260.82,20337,168,1,260.82,24705.67442,'FALSE'),('18/06/2025','COMP005',256.51,257.62,255.39,256.93,18611,169,1,256.93,24705.67442,'FALSE'),('19/06/2025','COMP005',261.07,263.88,258.26,259.71,21536,170,1,259.71,24705.67442,'FALSE'),('20/06/2025','COMP005',260.15,264.8,255.5,260.66,11503,171,1,260.66,24705.67442,'FALSE'),('23/06/2025','COMP005',265.25,268.1,262.4,262.87,11886,174,1,262.87,24705.67442,'FALSE'),('24/06/2025','COMP005',258.98,259.98,257.97,259.75,10764,175,1,259.75,24705.67442,'FALSE'),('25/06/2025','COMP005',261.86,264.16,259.56,260.3,43727,176,1,260.3,24705.67442,'FALSE'),('26/06/2025','COMP005',255.13,259.61,250.64,254.83,42160,177,1,254.83,24705.67442,'FALSE'),('27/06/2025','COMP005',247.49,251.48,243.5,247.69,11433,178,1,247.69,24705.67442,'FALSE'),('30/06/2025','COMP005',247.45,248.7,246.2,248.18,22281,181,1,248.18,24705.67442,'FALSE'),('1/01/2025','COMP006',251.68,254.93,248.43,251.05,3745,1,1,251.05,25531.79845,'FALSE'),('2/01/2025','COMP006',246.67,250.19,243.14,245.97,6818,2,1,245.97,25531.79845,'FALSE'),('3/01/2025','COMP006',241.06,242.87,239.25,241.02,31116,3,1,241.02,25531.79845,'FALSE'),('6/01/2025','COMP006',241.1,241.78,240.42,240.5,18908,6,1,240.5,25531.79845,'FALSE'),('7/01/2025','COMP006',237.95,240.54,235.37,238.9,21093,7,1,238.9,25531.79845,'FALSE'),('8/01/2025','COMP006',239.29,242.01,236.56,239.28,21963,8,1,239.28,25531.79845,'FALSE'),('9/01/2025','COMP006',238.14,241.55,234.73,238.93,21936,9,1,238.93,25531.79845,'FALSE'),('10/01/2025','COMP006',238.4,241.69,235.11,239.08,28606,10,1,239.08,25531.79845,'FALSE'),('13/01/2025','COMP006',241.75,244.74,238.77,240.98,45245,13,1,240.98,25531.79845,'FALSE'),('14/01/2025','COMP006',237.84,240.36,235.32,239.63,29572,14,1,239.63,25531.79845,'FALSE'),('15/01/2025','COMP006',238.98,240.12,237.85,239.03,32131,15,1,239.03,25531.79845,'FALSE'),('16/01/2025','COMP006',244.51,245.81,243.22,243.51,42475,16,1,243.51,25531.79845,'FALSE'),('17/01/2025','COMP006',243.61,248.24,238.98,243.57,12908,17,1,243.57,25531.79845,'FALSE'),('20/01/2025','COMP006',242.79,245.66,239.92,243.08,17616,20,1,243.08,25531.79845,'FALSE'),('21/01/2025','COMP006',242.13,244.39,239.86,243.39,44369,21,1,243.39,25531.79845,'FALSE'),('22/01/2025','COMP006',243.08,247.31,238.84,242.96,32226,22,1,242.96,25531.79845,'FALSE'),('23/01/2025','COMP006',241.89,243.64,240.14,240.85,14379,23,1,240.85,25531.79845,'FALSE'),('24/01/2025','COMP006',237.22,239.75,234.69,237.9,9682,24,1,237.9,25531.79845,'FALSE'),('27/01/2025','COMP006',235.35,239.5,231.21,235.68,33983,27,1,235.68,25531.79845,'FALSE'),('28/01/2025','COMP006',238.78,241.8,235.77,238.34,25734,28,1,238.34,25531.79845,'FALSE'),('29/01/2025','COMP006',238.04,239.86,236.22,236.51,43736,29,1,236.51,25531.79845,'FALSE'),('30/01/2025','COMP006',237.13,240.5,233.76,236.11,48464,30,1,236.11,25531.79845,'FALSE'),('31/01/2025','COMP006',239.01,240.39,237.62,238.26,12185,31,1,238.26,25531.79845,'FALSE'),('3/02/2025','COMP006',236.39,238.92,233.87,237.48,20167,34,1,237.48,25531.79845,'FALSE'),('4/02/2025','COMP006',239.01,241.84,236.19,239.44,28076,35,1,239.44,25531.79845,'FALSE'),('5/02/2025','COMP006',234.17,237.81,230.53,234.89,23973,36,1,234.89,25531.79845,'FALSE'),('6/02/2025','COMP006',234.35,236.71,231.99,234.56,2932,37,1,234.56,25531.79845,'FALSE'),('7/02/2025','COMP006',234.61,237,232.21,234.85,39405,38,1,234.85,25531.79845,'FALSE'),('10/02/2025','COMP006',235.53,237.06,233.99,234.97,28882,41,1,234.97,25531.79845,'FALSE'),('11/02/2025','COMP006',231.42,233.29,229.55,230.18,7474,42,1,230.18,25531.79845,'FALSE'),('12/02/2025','COMP006',233.61,237.46,229.76,233.75,14979,43,1,233.75,25531.79845,'FALSE'),('13/02/2025','COMP006',232.58,234.36,230.8,231.31,13867,44,1,231.31,25531.79845,'FALSE'),('14/02/2025','COMP006',232.24,236.76,227.72,232.34,31527,45,1,232.34,25531.79845,'FALSE'),('17/02/2025','COMP006',233.42,236.85,229.99,232.42,6451,48,1,232.42,25531.79845,'FALSE'),('18/02/2025','COMP006',235.01,236.65,233.37,235.43,40954,49,1,235.43,25531.79845,'FALSE'),('19/02/2025','COMP006',241.98,242.92,241.03,242.07,31873,50,1,242.07,25531.79845,'FALSE'),('20/02/2025','COMP006',236.28,238.29,234.27,238.22,26372,51,1,238.22,25531.79845,'FALSE'),('21/02/2025','COMP006',236.25,240.63,231.88,236.34,30290,52,1,236.34,25531.79845,'FALSE'),('24/02/2025','COMP006',235.64,238.83,232.44,236.96,6366,55,1,236.96,25531.79845,'FALSE'),('25/02/2025','COMP006',232.66,235.57,229.74,233.74,11717,56,1,233.74,25531.79845,'FALSE'),('26/02/2025','COMP006',237.22,239.5,234.94,236.11,24360,57,1,236.11,25531.79845,'FALSE'),('27/02/2025','COMP006',237.92,240.87,234.96,238.69,37435,58,1,238.69,25531.79845,'FALSE'),('28/02/2025','COMP006',239.94,243.15,236.72,240.43,42045,59,1,240.43,25531.79845,'FALSE'),('3/03/2025','COMP006',240.65,244.12,237.18,241.21,19020,62,1,241.21,25531.79845,'FALSE'),('4/03/2025','COMP006',245.04,247.32,242.75,245.46,20710,63,1,245.46,25531.79845,'FALSE'),('5/03/2025','COMP006',242.97,245.04,240.9,241.97,5967,64,1,241.97,25531.79845,'FALSE'),('6/03/2025','COMP006',242.52,246.34,238.7,242.23,6722,65,1,242.23,25531.79845,'FALSE'),('7/03/2025','COMP006',240.06,241.26,238.86,240.04,38212,66,1,240.04,25531.79845,'FALSE'),('10/03/2025','COMP006',242.37,245.14,239.59,242.81,13297,69,1,242.81,25531.79845,'FALSE'),('11/03/2025','COMP006',239.09,241.6,236.59,237.32,20702,70,1,237.32,25531.79845,'FALSE'),('12/03/2025','COMP006',237.12,241.66,232.58,237.29,21127,71,1,237.29,25531.79845,'FALSE'),('13/03/2025','COMP006',238.43,240.8,236.06,238.35,29482,72,1,238.35,25531.79845,'FALSE'),('14/03/2025','COMP006',234.73,237.43,232.03,235.58,41546,73,1,235.58,25531.79845,'FALSE'),('17/03/2025','COMP006',234.66,238.23,231.09,233.79,20149,76,1,233.79,25531.79845,'FALSE'),('18/03/2025','COMP006',233.02,236.8,229.25,233.89,5956,77,1,233.89,25531.79845,'FALSE'),('19/03/2025','COMP006',237.26,239.45,235.08,236.78,16417,78,1,236.78,25531.79845,'FALSE'),('20/03/2025','COMP006',233.54,237.87,229.21,233.77,33598,79,1,233.77,25531.79845,'FALSE'),('21/03/2025','COMP006',231.97,233.65,230.29,231.31,21584,80,1,231.31,25531.79845,'FALSE'),('24/03/2025','COMP006',232.96,235.74,230.18,234.67,44361,83,1,234.67,25531.79845,'FALSE'),('25/03/2025','COMP006',234.98,237.1,232.87,233.92,13996,84,1,233.92,25531.79845,'FALSE'),('26/03/2025','COMP006',232.06,235.03,229.08,231.69,23626,85,1,231.69,25531.79845,'FALSE'),('27/03/2025','COMP006',232.69,235.41,229.96,233.89,2132,86,1,233.89,25531.79845,'TRUE'),('28/03/2025','COMP006',231.25,234.15,228.35,232.51,40065,87,1,232.51,25531.79845,'FALSE'),('31/03/2025','COMP006',236.71,239.8,233.62,235.59,3179,90,1,235.59,25531.79845,'FALSE'),('1/04/2025','COMP006',233.53,237.53,229.53,233.69,48857,91,1,233.69,25531.79845,'FALSE'),('2/04/2025','COMP006',232.37,234.23,230.52,233.27,40464,92,1,233.27,25531.79845,'FALSE'),('3/04/2025','COMP006',235.42,237.52,233.32,236.12,14869,93,1,236.12,25531.79845,'FALSE'),('4/04/2025','COMP006',235.83,236.48,235.17,235.51,32555,94,1,235.51,25531.79845,'FALSE'),('7/04/2025','COMP006',236.43,239.22,233.63,237.82,47976,97,1,237.82,25531.79845,'FALSE'),('8/04/2025','COMP006',236.72,239.62,233.82,237.68,46095,98,1,237.68,25531.79845,'FALSE'),('9/04/2025','COMP006',242.09,243.98,240.2,243.75,48068,99,1,243.75,25531.79845,'FALSE'),('10/04/2025','COMP006',248.96,252.5,245.41,248.67,17673,100,1,248.67,25531.79845,'FALSE'),('11/04/2025','COMP006',245.43,248.89,241.96,244.6,8415,101,1,244.6,25531.79845,'FALSE'),('14/04/2025','COMP006',244.7,247.7,241.69,246.28,38726,104,1,246.28,25531.79845,'FALSE'),('15/04/2025','COMP006',242.26,244.44,240.08,243.81,33252,105,1,243.81,25531.79845,'FALSE'),('16/04/2025','COMP006',244.2,246.5,241.91,244.46,35148,106,1,244.46,25531.79845,'FALSE'),('17/04/2025','COMP006',246.01,248.27,243.75,244.73,47694,107,1,244.73,25531.79845,'FALSE'),('18/04/2025','COMP006',241.55,243.02,240.09,241.55,39402,108,1,241.55,25531.79845,'FALSE'),('21/04/2025','COMP006',246.89,249.18,244.6,244.86,11179,111,1,244.86,25531.79845,'FALSE'),('22/04/2025','COMP006',247.37,250.29,244.44,245.54,31206,112,1,245.54,25531.79845,'FALSE'),('23/04/2025','COMP006',245.27,247.86,242.69,244.72,23412,113,1,244.72,25531.79845,'FALSE'),('24/04/2025','COMP006',243.72,245.49,241.96,243.43,36517,114,1,243.43,25531.79845,'FALSE'),('25/04/2025','COMP006',245.3,247.91,242.69,243.92,17589,115,1,243.92,25531.79845,'FALSE'),('28/04/2025','COMP006',244.72,245.85,243.58,245.23,8214,118,1,245.23,25531.79845,'FALSE'),('29/04/2025','COMP006',244.47,248.86,240.08,244.91,28127,119,1,244.91,25531.79845,'FALSE'),('30/04/2025','COMP006',236.9,239.98,233.81,236.38,19375,120,1,236.38,25531.79845,'FALSE'),('1/05/2025','COMP006',237.86,239.61,236.11,236.48,11014,121,1,236.48,25531.79845,'FALSE'),('2/05/2025','COMP006',233.99,235.79,232.19,232.28,31881,122,1,232.28,25531.79845,'FALSE'),('5/05/2025','COMP006',232.18,235.34,229.02,231.73,4551,125,1,231.73,25531.79845,'FALSE'),('6/05/2025','COMP006',227.21,227.91,226.51,227.72,29483,126,1,227.72,25531.79845,'FALSE'),('7/05/2025','COMP006',224.45,227.99,220.91,223.74,12156,127,1,223.74,25531.79845,'FALSE'),('8/05/2025','COMP006',226.8,229.85,223.75,227.3,39078,128,1,227.3,25531.79845,'FALSE'),('9/05/2025','COMP006',226.76,228.75,224.77,226.44,11728,129,1,226.44,25531.79845,'FALSE'),('12/05/2025','COMP006',226.02,227.39,224.65,225.37,21238,132,1,225.37,25531.79845,'FALSE'),('13/05/2025','COMP006',227.37,230.04,224.7,226.8,20456,133,1,226.8,25531.79845,'FALSE'),('14/05/2025','COMP006',225.79,226.34,225.23,225.79,34276,134,1,225.79,25531.79845,'FALSE'),('15/05/2025','COMP006',233.28,235.91,230.64,231.91,14050,135,1,231.91,25531.79845,'FALSE'),('16/05/2025','COMP006',230.96,231.41,230.52,231.17,38125,136,1,231.17,25531.79845,'FALSE'),('19/05/2025','COMP006',233.47,235.38,231.56,232.29,37176,139,1,232.29,25531.79845,'FALSE'),('20/05/2025','COMP006',235.15,238.51,231.79,235.21,1174,140,1,235.21,25531.79845,'TRUE'),('21/05/2025','COMP006',239.79,242.15,237.42,240.06,13112,141,1,240.06,25531.79845,'FALSE'),('22/05/2025','COMP006',238.4,239.7,237.11,237.88,34919,142,1,237.88,25531.79845,'FALSE'),('23/05/2025','COMP006',238.8,240.98,236.62,236.69,25618,143,1,236.69,25531.79845,'FALSE'),('26/05/2025','COMP006',242.57,244.62,240.53,240.58,44833,146,1,240.58,25531.79845,'FALSE'),('27/05/2025','COMP006',242.55,246.1,239.01,243.11,46814,147,1,243.11,25531.79845,'FALSE'),('28/05/2025','COMP006',245.32,247.64,243.01,246.48,21306,148,1,246.48,25531.79845,'FALSE'),('29/05/2025','COMP006',242.74,245.75,239.74,242.32,39055,149,1,242.32,25531.79845,'FALSE'),('30/05/2025','COMP006',246.04,247.41,244.66,247.16,40194,150,1,247.16,25531.79845,'FALSE'),('2/06/2025','COMP006',245.75,247.22,244.27,244.85,49367,153,1,244.85,25531.79845,'FALSE'),('3/06/2025','COMP006',246.11,249.43,242.79,245.51,36531,154,1,245.51,25531.79845,'FALSE'),('4/06/2025','COMP006',243.51,246.22,240.8,245.11,4731,155,1,245.11,25531.79845,'FALSE'),('5/06/2025','COMP006',242.59,245.75,239.44,242.47,27113,156,1,242.47,25531.79845,'FALSE'),('6/06/2025','COMP006',238.72,242.4,235.04,238.25,21452,157,1,238.25,25531.79845,'FALSE'),('9/06/2025','COMP006',232.56,233.46,231.67,233.13,42334,160,1,233.13,25531.79845,'FALSE'),('10/06/2025','COMP006',232.92,236.2,229.64,233.53,22074,161,1,233.53,25531.79845,'FALSE'),('11/06/2025','COMP006',230.01,232.02,228.01,229.14,17199,162,1,229.14,25531.79845,'FALSE'),('12/06/2025','COMP006',224.82,226.18,223.46,225.94,20581,163,1,225.94,25531.79845,'FALSE'),('13/06/2025','COMP006',225.83,227.14,224.51,225.38,17523,164,1,225.38,25531.79845,'FALSE'),('16/06/2025','COMP006',218.69,220.77,216.6,218.06,11808,167,1,218.06,25531.79845,'FALSE'),('17/06/2025','COMP006',220.86,224.13,217.6,220.26,1887,168,1,220.26,25531.79845,'TRUE'),('18/06/2025','COMP006',214.79,217.08,212.51,213.73,17402,169,1,213.73,25531.79845,'FALSE'),('19/06/2025','COMP006',214.86,216.46,213.26,213.57,13253,170,1,213.57,25531.79845,'FALSE'),('20/06/2025','COMP006',212.44,215.26,209.62,213.66,47220,171,1,213.66,25531.79845,'FALSE'),('23/06/2025','COMP006',215.28,218.54,212.01,215.17,46270,174,1,215.17,25531.79845,'FALSE'),('24/06/2025','COMP006',214.63,215.96,213.3,215.1,39709,175,1,215.1,25531.79845,'FALSE'),('25/06/2025','COMP006',219.84,223.35,216.32,220.69,16166,176,1,220.69,25531.79845,'FALSE'),('26/06/2025','COMP006',220.14,223.26,217.01,221.35,39556,177,1,221.35,25531.79845,'FALSE'),('27/06/2025','COMP006',226.32,228.75,223.9,224.36,41505,178,1,224.36,25531.79845,'FALSE'),('30/06/2025','COMP006',221.73,222.88,220.58,222.38,2988,181,1,222.38,25531.79845,'FALSE'),('1/01/2025','COMP007',451.6,456.73,446.47,453.01,33115,1,1,453.01,25383.44961,'FALSE'),('2/01/2025','COMP007',455.77,457.35,454.19,455.26,6520,2,1,455.26,25383.44961,'FALSE'),('3/01/2025','COMP007',450.26,457.49,443.03,450.82,42605,3,1,450.82,25383.44961,'FALSE'),('6/01/2025','COMP007',453.35,458.26,448.45,451.13,14045,6,1,451.13,25383.44961,'FALSE'),('7/01/2025','COMP007',453.76,454.22,453.29,453.47,31954,7,1,453.47,25383.44961,'FALSE'),('8/01/2025','COMP007',467.12,474.67,459.57,467.82,22113,8,1,467.82,25383.44961,'FALSE'),('9/01/2025','COMP007',473.5,475.67,471.33,472.33,44939,9,1,472.33,25383.44961,'FALSE'),('10/01/2025','COMP007',480.18,481.77,478.6,480.63,27829,10,1,480.63,25383.44961,'FALSE'),('13/01/2025','COMP007',491.84,493.86,489.82,492.22,32870,13,1,492.22,25383.44961,'FALSE'),('14/01/2025','COMP007',495.45,497.7,493.2,495.38,38275,14,1,495.38,25383.44961,'FALSE'),('15/01/2025','COMP007',495.22,502.97,487.48,497.28,9328,15,1,497.28,25383.44961,'FALSE'),('16/01/2025','COMP007',490.7,494.84,486.55,490.76,36010,16,1,490.76,25383.44961,'FALSE'),('17/01/2025','COMP007',490.13,496.99,483.28,490.16,9640,17,1,490.16,25383.44961,'FALSE'),('20/01/2025','COMP007',485.23,487.81,482.65,485.83,38004,20,1,485.83,25383.44961,'FALSE'),('21/01/2025','COMP007',484.65,491.91,477.39,483.5,13207,21,1,483.5,25383.44961,'FALSE'),('22/01/2025','COMP007',496.37,504.5,488.25,495.14,29916,22,1,495.14,25383.44961,'FALSE'),('23/01/2025','COMP007',494.89,497.14,492.63,495.98,20071,23,1,495.98,25383.44961,'FALSE'),('24/01/2025','COMP007',492.95,500.27,485.62,490.65,16810,24,1,490.65,25383.44961,'FALSE'),('27/01/2025','COMP007',497.83,501.38,494.27,499.34,26396,27,1,499.34,25383.44961,'FALSE'),('28/01/2025','COMP007',506.34,513.36,499.33,505.51,40082,28,1,505.51,25383.44961,'FALSE'),('29/01/2025','COMP007',510.01,512.8,507.23,512.09,41142,29,1,512.09,25383.44961,'FALSE'),('30/01/2025','COMP007',502.74,508.27,497.21,499.43,48897,30,1,499.43,25383.44961,'FALSE'),('31/01/2025','COMP007',513.21,514.55,511.86,511.96,40579,31,1,511.96,25383.44961,'FALSE'),('3/02/2025','COMP007',508.21,515.58,500.84,508.49,34272,34,1,508.49,25383.44961,'FALSE'),('4/02/2025','COMP007',517.07,522.6,511.53,513.62,26963,35,1,513.62,25383.44961,'FALSE'),('5/02/2025','COMP007',527.91,533.88,521.95,530.34,1717,36,1,530.34,25383.44961,'TRUE'),('6/02/2025','COMP007',543.38,550.64,536.13,545.07,30100,37,1,545.07,25383.44961,'FALSE'),('7/02/2025','COMP007',541.06,543.74,538.38,538.53,44949,38,1,538.53,25383.44961,'FALSE'),('10/02/2025','COMP007',526.74,533.04,520.44,528.94,44442,41,1,528.94,25383.44961,'FALSE'),('11/02/2025','COMP007',539.08,541.71,536.45,538.69,37487,42,1,538.69,25383.44961,'FALSE'),('12/02/2025','COMP007',542.42,549.25,535.58,539.78,39759,43,1,539.78,25383.44961,'FALSE'),('13/02/2025','COMP007',541.35,546.9,535.8,536.51,12064,44,1,536.51,25383.44961,'FALSE'),('14/02/2025','COMP007',543.73,551.48,535.99,540.86,7476,45,1,540.86,25383.44961,'FALSE'),('17/02/2025','COMP007',541.88,548.56,535.2,539.88,23463,48,1,539.88,25383.44961,'FALSE'),('18/02/2025','COMP007',549.7,555.07,544.33,544.8,27946,49,1,544.8,25383.44961,'FALSE'),('19/02/2025','COMP007',544.68,547.79,541.57,545.39,23335,50,1,545.39,25383.44961,'FALSE'),('20/02/2025','COMP007',549.97,557.21,542.73,550.51,23010,51,1,550.51,25383.44961,'FALSE'),('21/02/2025','COMP007',546.23,548.49,543.97,544.47,44626,52,1,544.47,25383.44961,'FALSE'),('24/02/2025','COMP007',557.51,564.76,550.25,554.46,34665,55,1,554.46,25383.44961,'FALSE'),('25/02/2025','COMP007',560.48,566.89,554.07,559.49,15683,56,1,559.49,25383.44961,'FALSE'),('26/02/2025','COMP007',567.22,571.33,563.12,564.19,45535,57,1,564.19,25383.44961,'FALSE'),('27/02/2025','COMP007',559.12,562.54,555.7,556.44,22639,58,1,556.44,25383.44961,'FALSE'),('28/02/2025','COMP007',567.92,573.46,562.38,568.62,4439,59,1,568.62,25383.44961,'FALSE'),('3/03/2025','COMP007',568.36,577.2,559.52,568.65,12577,62,1,568.65,25383.44961,'FALSE'),('4/03/2025','COMP007',578.3,582.74,573.86,574.03,25255,63,1,574.03,25383.44961,'FALSE'),('5/03/2025','COMP007',573.7,579.99,567.42,571.84,36931,64,1,571.84,25383.44961,'FALSE'),('6/03/2025','COMP007',569.87,576.09,563.64,573.86,36740,65,1,573.86,25383.44961,'FALSE'),('7/03/2025','COMP007',575.57,577.97,573.17,576.15,18374,66,1,576.15,25383.44961,'FALSE'),('10/03/2025','COMP007',555.85,562.81,548.89,556.17,1489,69,1,556.17,25383.44961,'TRUE'),('11/03/2025','COMP007',560.1,566.89,553.31,560.4,20275,70,1,560.4,25383.44961,'FALSE'),('12/03/2025','COMP007',573.19,580.03,566.35,574.58,33821,71,1,574.58,25383.44961,'FALSE'),('13/03/2025','COMP007',577.47,583.11,571.83,578.64,39712,72,1,578.64,25383.44961,'FALSE'),('14/03/2025','COMP007',571.99,574.6,569.38,571.84,2629,73,1,571.84,25383.44961,'FALSE'),('17/03/2025','COMP007',577.51,586.7,568.32,576.68,46450,76,1,576.68,25383.44961,'FALSE'),('18/03/2025','COMP007',585.22,586.76,583.67,584.57,19945,77,1,584.57,25383.44961,'FALSE'),('19/03/2025','COMP007',586.67,590.07,583.27,588.49,5886,78,1,588.49,25383.44961,'FALSE'),('20/03/2025','COMP007',587.28,595.84,578.72,588.08,17767,79,1,588.08,25383.44961,'FALSE'),('21/03/2025','COMP007',586.53,592.87,580.18,586.43,13226,80,1,586.43,25383.44961,'FALSE'),('24/03/2025','COMP007',586.58,592.2,580.96,584.75,48788,83,1,584.75,25383.44961,'FALSE'),('25/03/2025','COMP007',592.2,599.8,584.59,590.06,49908,84,1,590.06,25383.44961,'FALSE'),('26/03/2025','COMP007',578.85,587.42,570.27,579.83,49564,85,1,579.83,25383.44961,'FALSE'),('27/03/2025','COMP007',577.47,586.66,568.27,577.25,11006,86,1,577.25,25383.44961,'FALSE'),('28/03/2025','COMP007',590.28,600.7,579.85,589.12,21324,87,1,589.12,25383.44961,'FALSE'),('31/03/2025','COMP007',605.11,610.51,599.7,601.52,30063,90,1,601.52,25383.44961,'FALSE'),('1/04/2025','COMP007',589.21,590.93,587.49,590.56,2093,91,1,590.56,25383.44961,'TRUE'),('2/04/2025','COMP007',579.58,587.17,571.99,582.34,6710,92,1,582.34,25383.44961,'FALSE'),('3/04/2025','COMP007',583.5,586.96,580.04,580.49,34457,93,1,580.49,25383.44961,'FALSE'),('4/04/2025','COMP007',589.28,596.4,582.16,587.2,1365,94,1,587.2,25383.44961,'TRUE'),('7/04/2025','COMP007',577.2,584.16,570.24,573.97,25476,97,1,573.97,25383.44961,'FALSE'),('8/04/2025','COMP007',572.39,578.72,566.06,573.71,33001,98,1,573.71,25383.44961,'FALSE'),('9/04/2025','COMP007',570.06,578.96,561.16,570.43,22372,99,1,570.43,25383.44961,'FALSE'),('10/04/2025','COMP007',580.02,580.96,579.07,580.18,28923,100,1,580.18,25383.44961,'FALSE'),('11/04/2025','COMP007',568.01,578.45,557.57,568.18,10306,101,1,568.18,25383.44961,'FALSE'),('14/04/2025','COMP007',568.69,578.16,559.22,568.98,38228,104,1,568.98,25383.44961,'FALSE'),('15/04/2025','COMP007',565.7,571.58,559.83,566.3,20212,105,1,566.3,25383.44961,'FALSE'),('16/04/2025','COMP007',577.64,578.52,576.76,577.02,5594,106,1,577.02,25383.44961,'FALSE'),('17/04/2025','COMP007',583.8,586.24,581.36,581.52,30179,107,1,581.52,25383.44961,'FALSE'),('18/04/2025','COMP007',579.82,584.94,574.7,577.38,33933,108,1,577.38,25383.44961,'FALSE'),('21/04/2025','COMP007',578.51,583.96,573.06,583.76,18375,111,1,583.76,25383.44961,'FALSE'),('22/04/2025','COMP007',582.07,584.64,579.51,581.05,37607,112,1,581.05,25383.44961,'FALSE'),('23/04/2025','COMP007',588.88,595.84,581.92,588.55,47287,113,1,588.55,25383.44961,'FALSE'),('24/04/2025','COMP007',587.01,591.81,582.21,586.94,11776,114,1,586.94,25383.44961,'FALSE'),('25/04/2025','COMP007',591.54,595.75,587.33,594.93,9210,115,1,594.93,25383.44961,'FALSE'),('28/04/2025','COMP007',596.76,603.64,589.88,598.35,40850,118,1,598.35,25383.44961,'FALSE'),('29/04/2025','COMP007',623.65,630.81,616.49,623.59,12094,119,1,623.59,25383.44961,'FALSE'),('30/04/2025','COMP007',623.32,634.89,611.74,623.32,7838,120,1,623.32,25383.44961,'FALSE'),('1/05/2025','COMP007',626.39,634.23,618.55,626.48,5996,121,1,626.48,25383.44961,'FALSE'),('2/05/2025','COMP007',622.95,635.26,610.64,622.86,15211,122,1,622.86,25383.44961,'FALSE'),('5/05/2025','COMP007',625.52,633.76,617.28,623.03,25229,125,1,623.03,25383.44961,'FALSE'),('6/05/2025','COMP007',605.57,609.47,601.68,602.32,29554,126,1,602.32,25383.44961,'FALSE'),('7/05/2025','COMP007',608.86,616.1,601.62,606.01,40605,127,1,606.01,25383.44961,'FALSE'),('8/05/2025','COMP007',612.99,621.1,604.89,616.5,26515,128,1,616.5,25383.44961,'FALSE'),('9/05/2025','COMP007',618.55,625.93,611.17,619.73,33254,129,1,619.73,25383.44961,'FALSE'),('12/05/2025','COMP007',615.22,621.58,608.85,609.7,1917,132,1,609.7,25383.44961,'TRUE'),('13/05/2025','COMP007',600.82,605.61,596.04,603.72,40104,133,1,603.72,25383.44961,'FALSE'),('14/05/2025','COMP007',582.57,587.76,577.39,585.65,10941,134,1,585.65,25383.44961,'FALSE'),('15/05/2025','COMP007',593.82,599.94,587.69,593.06,22133,135,1,593.06,25383.44961,'FALSE'),('16/05/2025','COMP007',582.07,586.44,577.7,585.73,13192,136,1,585.73,25383.44961,'FALSE'),('19/05/2025','COMP007',585.13,592.8,577.46,585.66,22259,139,1,585.66,25383.44961,'FALSE'),('20/05/2025','COMP007',583.31,589.98,576.64,584.66,48269,140,1,584.66,25383.44961,'FALSE'),('21/05/2025','COMP007',596.15,602.25,590.05,595.87,6213,141,1,595.87,25383.44961,'FALSE'),('22/05/2025','COMP007',598.42,607.17,589.67,596.65,26520,142,1,596.65,25383.44961,'FALSE'),('23/05/2025','COMP007',599.02,606.24,591.8,602.9,43570,143,1,602.9,25383.44961,'FALSE'),('26/05/2025','COMP007',608.66,614.41,602.9,607.21,12413,146,1,607.21,25383.44961,'FALSE'),('27/05/2025','COMP007',621.78,626.53,617.03,617.85,24513,147,1,617.85,25383.44961,'FALSE'),('28/05/2025','COMP007',612.92,617.18,608.66,616.14,30299,148,1,616.14,25383.44961,'FALSE'),('29/05/2025','COMP007',628.17,634.08,622.26,630.97,23250,149,1,630.97,25383.44961,'FALSE'),('30/05/2025','COMP007',611.52,618.13,604.91,615.53,2262,150,1,615.53,25383.44961,'TRUE'),('2/06/2025','COMP007',624.28,630.87,617.69,622.37,41150,153,1,622.37,25383.44961,'FALSE'),('3/06/2025','COMP007',612.58,619.28,605.87,615.75,29850,154,1,615.75,25383.44961,'FALSE'),('4/06/2025','COMP007',606.78,612.46,601.1,612.09,47830,155,1,612.09,25383.44961,'FALSE'),('5/06/2025','COMP007',616.54,624.08,609.01,616.64,34998,156,1,616.64,25383.44961,'FALSE'),('6/06/2025','COMP007',626.04,631.69,620.39,621.17,15715,157,1,621.17,25383.44961,'FALSE'),('9/06/2025','COMP007',620.39,626.92,613.87,626.08,14232,160,1,626.08,25383.44961,'FALSE'),('10/06/2025','COMP007',614.02,623.63,604.41,615.39,26500,161,1,615.39,25383.44961,'FALSE'),('11/06/2025','COMP007',624.99,627.94,622.04,626.88,23449,162,1,626.88,25383.44961,'FALSE'),('12/06/2025','COMP007',621.49,625.11,617.87,619.95,26338,163,1,619.95,25383.44961,'FALSE'),('13/06/2025','COMP007',615.36,619.89,610.83,614.13,46961,164,1,614.13,25383.44961,'FALSE'),('16/06/2025','COMP007',616.98,620.16,613.8,619.23,20539,167,1,619.23,25383.44961,'FALSE'),('17/06/2025','COMP007',618.47,629.16,607.78,617.15,15119,168,1,617.15,25383.44961,'FALSE'),('18/06/2025','COMP007',620.35,621.12,619.59,619.7,35710,169,1,619.7,25383.44961,'FALSE'),('19/06/2025','COMP007',606.08,612.86,599.29,603.23,26479,170,1,603.23,25383.44961,'FALSE'),('20/06/2025','COMP007',606.75,608.2,605.29,605.54,18033,171,1,605.54,25383.44961,'FALSE'),('23/06/2025','COMP007',606.75,610.46,603.03,607.35,18420,174,1,607.35,25383.44961,'FALSE'),('24/06/2025','COMP007',602.71,604.36,601.06,603.6,12349,175,1,603.6,25383.44961,'FALSE'),('25/06/2025','COMP007',588.89,598.74,579.04,588.17,13453,176,1,588.17,25383.44961,'FALSE'),('26/06/2025','COMP007',590.9,596.89,584.92,586.74,16830,177,1,586.74,25383.44961,'FALSE'),('27/06/2025','COMP007',582.32,587.76,576.87,586.6,46066,178,1,586.6,25383.44961,'FALSE'),('30/06/2025','COMP007',582.63,590.62,574.65,584.03,11692,181,1,584.03,25383.44961,'FALSE'),('1/01/2025','COMP008',991.39,1001.97,980.81,986.3,25423,1,4,246.575,24664.89147,'FALSE'),('2/01/2025','COMP008',972.56,983.93,961.19,977.8,2961,2,4,244.45,24664.89147,'FALSE'),('3/01/2025','COMP008',985.67,997.34,974,990.54,14255,3,4,247.635,24664.89147,'FALSE'),('6/01/2025','COMP008',997.05,1010.86,983.24,992.23,21389,6,4,248.0575,24664.89147,'FALSE'),('7/01/2025','COMP008',990.9,992.43,989.37,991.2,44919,7,4,247.8,24664.89147,'FALSE'),('8/01/2025','COMP008',999.71,1009.49,989.92,995.36,43358,8,4,248.84,24664.89147,'FALSE'),('9/01/2025','COMP008',1000.31,1014.39,986.23,995.12,32521,9,4,248.78,24664.89147,'FALSE'),('10/01/2025','COMP008',1016.8,1018.78,1014.83,1014.93,32349,10,4,253.7325,24664.89147,'FALSE'),('13/01/2025','COMP008',1004.74,1018.95,990.53,1005.64,33703,13,4,251.41,24664.89147,'FALSE'),('14/01/2025','COMP008',995.94,1000.42,991.46,994.99,5247,14,4,248.7475,24664.89147,'FALSE'),('15/01/2025','COMP008',978.62,994.02,963.22,978.03,11703,15,4,244.5075,24664.89147,'FALSE'),('16/01/2025','COMP008',974.75,986.87,962.64,971.63,13392,16,4,242.9075,24664.89147,'FALSE'),('17/01/2025','COMP008',961,971.3,950.7,958.58,7305,17,4,239.645,24664.89147,'FALSE'),('20/01/2025','COMP008',966.25,977.91,954.59,961.45,13427,20,4,240.3625,24664.89147,'FALSE'),('21/01/2025','COMP008',967.65,979.42,955.89,961.93,3230,21,4,240.4825,24664.89147,'FALSE'),('22/01/2025','COMP008',946,951.2,940.81,949.17,27177,22,4,237.2925,24664.89147,'FALSE'),('23/01/2025','COMP008',954.96,960,949.92,956.46,47040,23,4,239.115,24664.89147,'FALSE'),('24/01/2025','COMP008',975.55,991.98,959.11,975.15,14780,24,4,243.7875,24664.89147,'FALSE'),('27/01/2025','COMP008',981.78,994.19,969.38,979.79,39652,27,4,244.9475,24664.89147,'FALSE'),('28/01/2025','COMP008',950.95,958.47,943.42,949.12,26901,28,4,237.28,24664.89147,'FALSE'),('29/01/2025','COMP008',973.88,985.72,962.05,973.41,17260,29,4,243.3525,24664.89147,'FALSE'),('30/01/2025','COMP008',985.89,989.83,981.96,982.85,42430,30,4,245.7125,24664.89147,'FALSE'),('31/01/2025','COMP008',1004.86,1020.89,988.84,1007.61,14026,31,4,251.9025,24664.89147,'FALSE'),('3/02/2025','COMP008',1020.87,1033.38,1008.37,1021.8,43946,34,4,255.45,24664.89147,'FALSE'),('4/02/2025','COMP008',1037.24,1047.33,1027.15,1038.8,8347,35,4,259.7,24664.89147,'FALSE'),('5/02/2025','COMP008',1033.24,1041.96,1024.51,1041.73,5668,36,4,260.4325,24664.89147,'FALSE'),('6/02/2025','COMP008',1045.62,1054.74,1036.49,1038.54,35484,37,4,259.635,24664.89147,'FALSE'),('7/02/2025','COMP008',1047.29,1053.38,1041.21,1043.69,35028,38,4,260.9225,24664.89147,'FALSE'),('10/02/2025','COMP008',1038.37,1046.77,1029.98,1034.66,31266,41,4,258.665,24664.89147,'FALSE'),('11/02/2025','COMP008',1039.08,1052.96,1025.2,1040.58,15011,42,4,260.145,24664.89147,'FALSE'),('12/02/2025','COMP008',1004.46,1019.37,989.55,1006.94,40019,43,4,251.735,24664.89147,'FALSE'),('13/02/2025','COMP008',1007.03,1009.81,1004.25,1007.73,31663,44,4,251.9325,24664.89147,'FALSE'),('14/02/2025','COMP008',1018.61,1031.27,1005.95,1025.19,42691,45,4,256.2975,24664.89147,'FALSE'),('17/02/2025','COMP008',1034.08,1046.85,1021.32,1026.65,32417,48,4,256.6625,24664.89147,'FALSE'),('18/02/2025','COMP008',1050.37,1058.54,1042.2,1049.49,47326,49,4,262.3725,24664.89147,'FALSE'),('19/02/2025','COMP008',1047.18,1048.68,1045.69,1046.26,22031,50,4,261.565,24664.89147,'FALSE'),('20/02/2025','COMP008',1064.21,1080.78,1047.64,1059.81,30432,51,4,264.9525,24664.89147,'FALSE'),('21/02/2025','COMP008',1050.69,1060.51,1040.87,1048.4,21884,52,4,262.1,24664.89147,'FALSE'),('24/02/2025','COMP008',1068.53,1077.25,1059.81,1061.44,44618,55,4,265.36,24664.89147,'FALSE'),('25/02/2025','COMP008',1064.68,1072.28,1057.08,1064.8,21142,56,4,266.2,24664.89147,'FALSE'),('26/02/2025','COMP008',1056.74,1063.21,1050.27,1062.11,9848,57,4,265.5275,24664.89147,'FALSE'),('27/02/2025','COMP008',1033.37,1045.64,1021.1,1028.47,21908,58,4,257.1175,24664.89147,'FALSE'),('28/02/2025','COMP008',1031.78,1042.67,1020.88,1025.42,43222,59,4,256.355,24664.89147,'FALSE'),('3/03/2025','COMP008',1023.93,1031.3,1016.57,1028.43,10968,62,4,257.1075,24664.89147,'FALSE'),('4/03/2025','COMP008',1040.21,1045.2,1035.22,1039.47,10275,63,4,259.8675,24664.89147,'FALSE'),('5/03/2025','COMP008',1051.72,1062.88,1040.56,1060.37,1406,64,4,265.0925,24664.89147,'TRUE'),('6/03/2025','COMP008',1093.59,1099.73,1087.45,1088.16,45036,65,4,272.04,24664.89147,'FALSE'),('7/03/2025','COMP008',1106.33,1112.54,1100.12,1105.65,3618,66,4,276.4125,24664.89147,'FALSE'),('10/03/2025','COMP008',1094.65,1112.52,1076.78,1098.11,40696,69,4,274.5275,24664.89147,'FALSE'),('11/03/2025','COMP008',1095.07,1114.47,1075.67,1094.16,15719,70,4,273.54,24664.89147,'FALSE'),('12/03/2025','COMP008',1101.64,1109.94,1093.34,1104.65,25042,71,4,276.1625,24664.89147,'FALSE'),('13/03/2025','COMP008',1104.95,1113.15,1096.75,1112.17,27514,72,4,278.0425,24664.89147,'FALSE'),('14/03/2025','COMP008',1130.39,1140.75,1120.02,1135.5,46487,73,4,283.875,24664.89147,'FALSE'),('17/03/2025','COMP008',1168.61,1172.9,1164.31,1171.81,23908,76,4,292.9525,24664.89147,'FALSE'),('18/03/2025','COMP008',1207.47,1215.06,1199.89,1206.05,38952,77,4,301.5125,24664.89147,'FALSE'),('19/03/2025','COMP008',1225.49,1240.17,1210.82,1229.25,48929,78,4,307.3125,24664.89147,'FALSE'),('20/03/2025','COMP008',1240.97,1251.07,1230.87,1237.75,30134,79,4,309.4375,24664.89147,'FALSE'),('21/03/2025','COMP008',1261.96,1269.23,1254.7,1259.27,47799,80,4,314.8175,24664.89147,'FALSE'),('24/03/2025','COMP008',1296.32,1307.5,1285.14,1286.22,38292,83,4,321.555,24664.89147,'FALSE'),('25/03/2025','COMP008',1280.31,1289.79,1270.83,1284.14,6313,84,4,321.035,24664.89147,'FALSE'),('26/03/2025','COMP008',1280.01,1290.07,1269.95,1275.85,5887,85,4,318.9625,24664.89147,'FALSE'),('27/03/2025','COMP008',1272.8,1288.36,1257.25,1263.88,4558,86,4,315.97,24664.89147,'FALSE'),('28/03/2025','COMP008',1241.97,1255.81,1228.14,1250.3,37343,87,4,312.575,24664.89147,'FALSE'),('31/03/2025','COMP008',1230.05,1240.43,1219.68,1229.01,40887,90,4,307.2525,24664.89147,'FALSE'),('1/04/2025','COMP008',1228.87,1243.12,1214.62,1233.18,32601,91,4,308.295,24664.89147,'FALSE'),('2/04/2025','COMP008',1221.06,1234.53,1207.59,1218.03,24099,92,4,304.5075,24664.89147,'FALSE'),('3/04/2025','COMP008',1200.93,1217.06,1184.79,1206.35,20094,93,4,301.5875,24664.89147,'FALSE'),('4/04/2025','COMP008',1220.91,1237.63,1204.2,1217.35,2657,94,4,304.3375,24664.89147,'FALSE'),('7/04/2025','COMP008',1222.01,1226.22,1217.8,1220.43,4164,97,4,305.1075,24664.89147,'FALSE'),('8/04/2025','COMP008',1235.49,1249.81,1221.18,1227.34,20601,98,4,306.835,24664.89147,'FALSE'),('9/04/2025','COMP008',1245.21,1255.17,1235.26,1248.93,5552,99,4,312.2325,24664.89147,'FALSE'),('10/04/2025','COMP008',1259.57,1270.7,1248.44,1262.91,3671,100,4,315.7275,24664.89147,'FALSE'),('11/04/2025','COMP008',1291.8,1310.39,1273.21,1287.62,4722,101,4,321.905,24664.89147,'FALSE'),('14/04/2025','COMP008',1289.43,1307.6,1271.26,1289.22,22438,104,4,322.305,24664.89147,'FALSE'),('15/04/2025','COMP008',1311.6,1326.39,1296.81,1315.99,33247,105,4,328.9975,24664.89147,'FALSE'),('16/04/2025','COMP008',1320.41,1343.58,1297.24,1322.28,21435,106,4,330.57,24664.89147,'FALSE'),('17/04/2025','COMP008',1322.26,1335.54,1308.99,1325.41,28386,107,4,331.3525,24664.89147,'FALSE'),('18/04/2025','COMP008',1347.42,1371.43,1323.42,1350.36,3123,108,4,337.59,24664.89147,'FALSE'),('21/04/2025','COMP008',1335.54,1353.54,1317.54,1335.92,48216,111,4,333.98,24664.89147,'FALSE'),('22/04/2025','COMP008',1372.2,1379.09,1365.31,1370.74,14001,112,4,342.685,24664.89147,'FALSE'),('23/04/2025','COMP008',1371.67,1383.22,1360.12,1366.21,49174,113,4,341.5525,24664.89147,'FALSE'),('24/04/2025','COMP008',1340.07,1359.09,1321.04,1345.72,36739,114,4,336.43,24664.89147,'FALSE'),('25/04/2025','COMP008',1351.27,1360.71,1341.82,1357.17,30166,115,4,339.2925,24664.89147,'FALSE'),('28/04/2025','COMP008',1349.15,1371.52,1326.79,1351.05,26592,118,4,337.7625,24664.89147,'FALSE'),('29/04/2025','COMP008',1391.16,1405.45,1376.87,1386.31,7782,119,4,346.5775,24664.89147,'FALSE'),('30/04/2025','COMP008',1370.2,1379.56,1360.85,1379.1,9307,120,4,344.775,24664.89147,'FALSE'),('1/05/2025','COMP008',1388.49,1394.2,1382.78,1384.9,39346,121,4,346.225,24664.89147,'FALSE'),('2/05/2025','COMP008',1349.54,1361.22,1337.85,1360.57,22164,122,4,340.1425,24664.89147,'FALSE'),('5/05/2025','COMP008',1375.46,1383.28,1367.63,1374.91,3941,125,2,687.455,24664.89147,'FALSE'),('6/05/2025','COMP008',1361.04,1385.48,1336.6,1361.83,46865,126,2,680.915,24664.89147,'FALSE'),('7/05/2025','COMP008',1383.91,1399.58,1368.23,1374.11,26359,127,2,687.055,24664.89147,'FALSE'),('8/05/2025','COMP008',1369.51,1382.73,1356.29,1367.04,9378,128,2,683.52,24664.89147,'FALSE'),('9/05/2025','COMP008',1340.17,1348.09,1332.25,1332.55,14675,129,2,666.275,24664.89147,'FALSE'),('12/05/2025','COMP008',1335.95,1343.45,1328.45,1335.07,36113,132,2,667.535,24664.89147,'FALSE'),('13/05/2025','COMP008',1339.39,1352.58,1326.21,1336.85,6877,133,2,668.425,24664.89147,'FALSE'),('14/05/2025','COMP008',1355.73,1366.81,1344.65,1352.09,5686,134,2,676.045,24664.89147,'FALSE'),('15/05/2025','COMP008',1370.46,1386.67,1354.24,1379.19,13205,135,2,689.595,24664.89147,'FALSE'),('16/05/2025','COMP008',1414.59,1418.65,1410.52,1413.16,17524,136,1,1413.16,24664.89147,'FALSE'),('19/05/2025','COMP008',1429.35,1452.75,1405.94,1428.97,17848,139,1,1428.97,24664.89147,'FALSE'),('20/05/2025','COMP008',1425.85,1440.82,1410.89,1434.33,39724,140,1,1434.33,24664.89147,'FALSE'),('21/05/2025','COMP008',1407.65,1411.64,1403.66,1409.1,30301,141,1,1409.1,24664.89147,'FALSE'),('22/05/2025','COMP008',1405.5,1422.57,1388.43,1413.03,29310,142,1,1413.03,24664.89147,'FALSE'),('23/05/2025','COMP008',1409.53,1423.19,1395.87,1417.2,39892,143,1,1417.2,24664.89147,'FALSE'),('26/05/2025','COMP008',1415.57,1438.62,1392.53,1414,24324,146,1,1414,24664.89147,'FALSE'),('27/05/2025','COMP008',1424.8,1435.19,1414.41,1425.66,13205,147,1,1425.66,24664.89147,'FALSE'),('28/05/2025','COMP008',1451.16,1462.28,1440.04,1446.29,4092,148,1,1446.29,24664.89147,'FALSE'),('29/05/2025','COMP008',1432.45,1454.86,1410.03,1431.8,25860,149,1,1431.8,24664.89147,'FALSE'),('30/05/2025','COMP008',1415.49,1421.4,1409.57,1417.17,26763,150,1,1417.17,24664.89147,'FALSE'),('2/06/2025','COMP008',1419.02,1426.56,1411.47,1415.02,40876,153,1,1415.02,24664.89147,'FALSE'),('3/06/2025','COMP008',1407.84,1427.67,1388,1404.43,35578,154,1,1404.43,24664.89147,'FALSE'),('4/06/2025','COMP008',1382.95,1395.2,1370.69,1376.02,42789,155,1,1376.02,24664.89147,'FALSE'),('5/06/2025','COMP008',1367.75,1385.7,1349.8,1359.17,1691,156,1,1359.17,24664.89147,'TRUE'),('6/06/2025','COMP008',1346.56,1362.53,1330.59,1338.55,32730,157,1,1338.55,24664.89147,'FALSE'),('9/06/2025','COMP008',1361.73,1370.59,1352.87,1359.41,23766,160,1,1359.41,24664.89147,'FALSE'),('10/06/2025','COMP008',1398.24,1411.18,1385.3,1389.22,18695,161,1,1389.22,24664.89147,'FALSE'),('11/06/2025','COMP008',1376.36,1393.1,1359.62,1370.51,26491,162,1,1370.51,24664.89147,'FALSE'),('12/06/2025','COMP008',1381.97,1398.42,1365.52,1380.3,34045,163,1,1380.3,24664.89147,'FALSE'),('13/06/2025','COMP008',1401.49,1414.64,1388.35,1395.9,31497,164,1,1395.9,24664.89147,'FALSE'),('16/06/2025','COMP008',1364.55,1371.05,1358.05,1370.23,47686,167,1,1370.23,24664.89147,'FALSE'),('17/06/2025','COMP008',1373.49,1400.49,1346.5,1373.34,44485,168,1,1373.34,24664.89147,'FALSE'),('18/06/2025','COMP008',1412.41,1428.2,1396.61,1418.22,11068,169,1,1418.22,24664.89147,'FALSE'),('19/06/2025','COMP008',1438.96,1455.49,1422.43,1430.71,1287,170,1,1430.71,24664.89147,'TRUE'),('20/06/2025','COMP008',1429.61,1444.31,1414.9,1426.64,36131,171,1,1426.64,24664.89147,'FALSE'),('23/06/2025','COMP008',1419.27,1435.79,1402.75,1416.94,41975,174,1,1416.94,24664.89147,'FALSE'),('24/06/2025','COMP008',1371.49,1387.19,1355.8,1381.62,4178,175,1,1381.62,24664.89147,'FALSE'),('25/06/2025','COMP008',1392.25,1397.92,1386.57,1390.16,27627,176,1,1390.16,24664.89147,'FALSE'),('26/06/2025','COMP008',1426.17,1442.23,1410.12,1425.04,36422,177,1,1425.04,24664.89147,'FALSE'),('27/06/2025','COMP008',1410.54,1424.13,1396.96,1410.84,8135,178,1,1410.84,24664.89147,'FALSE'),('30/06/2025','COMP008',1378.34,1385.28,1371.39,1377.18,24238,181,1,1377.18,24664.89147,'FALSE');
/*!40000 ALTER TABLE `fact_daily_prices` ENABLE KEYS */;
UNLOCK TABLES;

--
-- Table structure for table `fact_orders`
--

DROP TABLE IF EXISTS `fact_orders`;
/*!40101 SET @saved_cs_client     = @@character_set_client */;
/*!50503 SET character_set_client = utf8mb4 */;
CREATE TABLE `fact_orders` (
  `﻿order_id` text,
  `order_ts` text,
  `company_id` text,
  `side` text,
  `quantity` int DEFAULT NULL,
  `status` text,
  `order_type` text,
  `trader_id` text,
  `portfolio_id` text,
  `date` text,
  `calendar_id` int DEFAULT NULL,
  `order_ts_imputed` text,
  `limit_price_imputed` text,
  `portfolio_id_imputed` text
) ENGINE=InnoDB DEFAULT CHARSET=utf8mb4 COLLATE=utf8mb4_0900_ai_ci;
/*!40101 SET character_set_client = @saved_cs_client */;

--
-- Dumping data for table `fact_orders`
--

LOCK TABLES `fact_orders` WRITE;
/*!40000 ALTER TABLE `fact_orders` DISABLE KEYS */;
INSERT INTO `fact_orders` VALUES ('ORD00001','25/02/2025','COMP002','BUY',827,'FILLED','MARKET','TRD000004','PF000006','28/02/2025',59,'FALSE','TRUE','FALSE'),('ORD00002','10/03/2025','COMP006','BUY',665,'FILLED','MARKET','TRD000007','PF000006','14/05/2025',134,'FALSE','TRUE','FALSE'),('ORD00003','24/06/2025','COMP007','SELL',787,'FILLED','MARKET','TRD000020','PF000006','23/05/2025',143,'FALSE','TRUE','FALSE'),('ORD00004','30/01/2025','COMP002','BUY',194,'FILLED','MARKET','TRD000006','PF000009','28/05/2025',148,'FALSE','TRUE','FALSE'),('ORD00005','5/05/2025','COMP003','BUY',331,'FILLED','MARKET','TRD000019','PF000008','7/03/2025',66,'FALSE','TRUE','FALSE'),('ORD00006','2/04/2025','COMP001','BUY',330,'FILLED','MARKET','TRD000012','PF000006','25/02/2025',56,'FALSE','TRUE','FALSE'),('ORD00007','18/04/2025','COMP006','BUY',203,'FILLED','MARKET','TRD000002','PF000002','11/06/2025',162,'FALSE','TRUE','FALSE'),('ORD00008','27/06/2025','COMP008','BUY',323,'FILLED','MARKET','TRD000006','PF000009','1/05/2025',121,'FALSE','TRUE','FALSE'),('ORD00009','26/06/2025','COMP005','SELL',857,'FILLED','MARKET','TRD000016','PF000002','26/05/2025',146,'FALSE','TRUE','FALSE'),('ORD00010','26/05/2025','COMP008','BUY',764,'FILLED','MARKET','TRD000030','PF000007','11/04/2025',101,'FALSE','TRUE','FALSE'),('ORD00011','1/05/2025','COMP008','BUY',151,'FILLED','MARKET','TRD000016','PF000009','26/02/2025',57,'FALSE','TRUE','FALSE'),('ORD00012','21/04/2025','COMP001','BUY',52,'FILLED','MARKET','TRD000015','PF000002','6/06/2025',157,'FALSE','TRUE','FALSE'),('ORD00013','13/02/2025','COMP001','BUY',945,'FILLED','MARKET','TRD000029','PF000003','29/05/2025',149,'FALSE','TRUE','FALSE'),('ORD00014','5/05/2025','COMP004','BUY',81,'FILLED','MARKET','TRD000029','PF000001','17/04/2025',107,'FALSE','TRUE','FALSE'),('ORD00015','17/03/2025','COMP006','BUY',353,'FILLED','MARKET','TRD000011','PF000009','12/02/2025',43,'FALSE','TRUE','FALSE'),('ORD00016','4/06/2025','COMP002','BUY',138,'FILLED','MARKET','TRD000021','PF000002','21/02/2025',52,'FALSE','TRUE','FALSE'),('ORD00017','30/05/2025','COMP001','SELL',213,'FILLED','MARKET','TRD000020','PF000007','14/04/2025',104,'FALSE','TRUE','FALSE'),('ORD00018','30/04/2025','COMP005','BUY',485,'FILLED','MARKET','TRD000014','PF000003','19/03/2025',78,'FALSE','TRUE','FALSE'),('ORD00019','27/02/2025','COMP006','SELL',867,'FILLED','MARKET','TRD000018','PF000009','9/05/2025',129,'FALSE','TRUE','FALSE'),('ORD00020','24/02/2025','COMP005','SELL',444,'FILLED','MARKET','TRD000010','PF000002','25/03/2025',84,'FALSE','TRUE','FALSE'),('ORD00021','15/01/2025','COMP007','BUY',815,'FILLED','MARKET','TRD000007','PF000004','27/06/2025',178,'FALSE','TRUE','FALSE'),('ORD00022','10/04/2025','COMP006','BUY',452,'FILLED','MARKET','TRD000016','PF000007','8/05/2025',128,'FALSE','TRUE','FALSE'),('ORD00023','22/05/2025','COMP008','SELL',887,'FILLED','MARKET','TRD000025','PF000004','9/04/2025',99,'FALSE','TRUE','FALSE'),('ORD00024','13/06/2025','COMP008','SELL',575,'FILLED','MARKET','TRD000011','PF000003','6/06/2025',157,'FALSE','TRUE','FALSE'),('ORD00025','3/06/2025','COMP007','SELL',643,'FILLED','MARKET','TRD000019','PF000005','23/01/2025',23,'FALSE','TRUE','FALSE'),('ORD00026','5/02/2025','COMP003','BUY',930,'FILLED','MARKET','TRD000018','PF000001','24/01/2025',24,'FALSE','TRUE','FALSE'),('ORD00027','18/02/2025','COMP005','BUY',807,'FILLED','MARKET','TRD000007','PF000009','21/03/2025',80,'FALSE','TRUE','FALSE'),('ORD00028','22/05/2025','COMP001','SELL',627,'FILLED','MARKET','TRD000005','PF000009','17/06/2025',168,'FALSE','TRUE','FALSE'),('ORD00029','1/05/2025','COMP001','BUY',226,'FILLED','MARKET','TRD000026','PF000006','21/01/2025',21,'FALSE','TRUE','FALSE'),('ORD00030','24/06/2025','COMP003','BUY',315,'FILLED','MARKET','TRD000004','PF000006','25/06/2025',176,'FALSE','TRUE','FALSE'),('ORD00031','6/01/2025','COMP004','SELL',922,'FILLED','MARKET','TRD000008','PF000009','18/03/2025',77,'FALSE','TRUE','FALSE'),('ORD00032','10/01/2025','COMP008','BUY',774,'FILLED','MARKET','TRD000015','PF000003','25/02/2025',56,'FALSE','TRUE','FALSE'),('ORD00033','6/02/2025','COMP001','SELL',553,'FILLED','MARKET','TRD000007','PF000009','24/01/2025',24,'FALSE','TRUE','FALSE'),('ORD00034','23/01/2025','COMP005','SELL',560,'FILLED','MARKET','TRD000019','PF000004','17/06/2025',168,'FALSE','TRUE','FALSE'),('ORD00035','30/01/2025','COMP008','SELL',212,'FILLED','MARKET','TRD000013','PF000010','9/05/2025',129,'FALSE','TRUE','FALSE'),('ORD00036','1/05/2025','COMP008','BUY',99,'FILLED','MARKET','TRD000021','PF000002','27/02/2025',58,'FALSE','TRUE','FALSE'),('ORD00037','21/05/2025','COMP005','SELL',923,'FILLED','MARKET','TRD000014','PF000007','31/03/2025',90,'FALSE','TRUE','FALSE'),('ORD00038','16/04/2025','COMP003','BUY',768,'FILLED','MARKET','TRD000019','PF000004','25/02/2025',56,'FALSE','TRUE','FALSE'),('ORD00039','12/06/2025','COMP005','SELL',181,'FILLED','MARKET','TRD000016','PF000007','17/03/2025',76,'FALSE','TRUE','FALSE'),('ORD00040','13/05/2025','COMP002','BUY',387,'FILLED','MARKET','TRD000016','PF000006','6/02/2025',37,'FALSE','TRUE','FALSE'),('ORD00041','9/05/2025','COMP002','SELL',993,'FILLED','MARKET','TRD000019','PF000005','25/03/2025',84,'FALSE','TRUE','FALSE'),('ORD00042','13/05/2025','COMP007','SELL',919,'FILLED','MARKET','TRD000021','PF000003','24/03/2025',83,'FALSE','TRUE','FALSE'),('ORD00043','27/02/2025','COMP005','BUY',62,'FILLED','MARKET','TRD000011','PF000001','12/03/2025',71,'FALSE','TRUE','FALSE'),('ORD00044','14/01/2025','COMP004','BUY',357,'FILLED','MARKET','TRD000027','PF000001','20/03/2025',79,'FALSE','TRUE','FALSE'),('ORD00045','9/05/2025','COMP007','BUY',156,'FILLED','MARKET','TRD000001','PF000004','12/05/2025',132,'FALSE','TRUE','FALSE'),('ORD00046','1/05/2025','COMP007','BUY',25,'FILLED','MARKET','TRD000012','PF000009','27/03/2025',86,'FALSE','TRUE','FALSE'),('ORD00047','9/04/2025','COMP001','SELL',24,'FILLED','MARKET','TRD000019','PF000001','30/06/2025',181,'FALSE','TRUE','FALSE'),('ORD00048','3/06/2025','COMP005','BUY',721,'FILLED','MARKET','TRD000018','PF000001','10/03/2025',69,'FALSE','TRUE','FALSE'),('ORD00049','5/06/2025','COMP008','BUY',855,'FILLED','MARKET','TRD000001','PF000005','22/01/2025',22,'FALSE','TRUE','FALSE'),('ORD00050','28/02/2025','COMP007','BUY',855,'FILLED','MARKET','TRD000019','PF000010','2/06/2025',153,'FALSE','TRUE','FALSE'),('ORD00051','19/03/2025','COMP005','SELL',164,'FILLED','MARKET','TRD000004','PF000009','7/05/2025',127,'FALSE','TRUE','FALSE'),('ORD00052','3/04/2025','COMP001','SELL',931,'FILLED','MARKET','TRD000015','PF000002','18/04/2025',108,'FALSE','TRUE','FALSE'),('ORD00053','13/06/2025','COMP001','SELL',859,'FILLED','MARKET','TRD000027','PF000008','29/05/2025',149,'FALSE','TRUE','FALSE'),('ORD00054','4/06/2025','COMP001','SELL',770,'FILLED','MARKET','TRD000008','PF000006','10/03/2025',69,'FALSE','TRUE','FALSE'),('ORD00055','20/01/2025','COMP002','BUY',383,'FILLED','MARKET','TRD000029','PF000010','13/01/2025',13,'FALSE','TRUE','FALSE'),('ORD00056','8/05/2025','COMP006','SELL',965,'FILLED','MARKET','TRD000023','PF000001','21/04/2025',111,'FALSE','TRUE','FALSE'),('ORD00057','20/02/2025','COMP003','SELL',419,'FILLED','MARKET','TRD000018','PF000008','20/06/2025',171,'FALSE','TRUE','FALSE'),('ORD00058','7/02/2025','COMP001','BUY',428,'FILLED','MARKET','TRD000013','PF000001','6/05/2025',126,'FALSE','TRUE','FALSE'),('ORD00059','29/04/2025','COMP006','SELL',803,'FILLED','MARKET','TRD000010','PF000001','17/03/2025',76,'FALSE','TRUE','FALSE'),('ORD00060','1/05/2025','COMP007','BUY',472,'FILLED','MARKET','TRD000008','PF000005','15/04/2025',105,'FALSE','TRUE','FALSE'),('ORD00061','10/06/2025','COMP003','BUY',312,'FILLED','MARKET','TRD000009','PF000007','26/05/2025',146,'FALSE','TRUE','FALSE'),('ORD00062','20/03/2025','COMP002','BUY',808,'FILLED','MARKET','TRD000011','PF000010','26/05/2025',146,'FALSE','TRUE','FALSE'),('ORD00063','21/05/2025','COMP008','BUY',767,'FILLED','MARKET','TRD000002','PF000004','1/05/2025',121,'FALSE','TRUE','FALSE'),('ORD00064','15/04/2025','COMP001','SELL',258,'FILLED','MARKET','TRD000009','PF000004','7/04/2025',97,'FALSE','TRUE','FALSE'),('ORD00065','3/01/2025','COMP007','SELL',512,'FILLED','MARKET','TRD000011','PF000001','14/03/2025',73,'FALSE','TRUE','FALSE'),('ORD00066','1/01/2025','COMP001','SELL',162,'FILLED','MARKET','TRD000029','PF000001','18/06/2025',169,'FALSE','TRUE','FALSE'),('ORD00067','4/02/2025','COMP001','BUY',537,'FILLED','MARKET','TRD000015','PF000007','23/04/2025',113,'FALSE','TRUE','FALSE'),('ORD00068','17/02/2025','COMP004','SELL',354,'FILLED','MARKET','TRD000018','PF000001','2/06/2025',153,'FALSE','TRUE','FALSE'),('ORD00069','27/05/2025','COMP003','BUY',57,'FILLED','MARKET','TRD000015','PF000005','27/03/2025',86,'FALSE','TRUE','FALSE'),('ORD00070','21/01/2025','COMP005','BUY',525,'FILLED','MARKET','TRD000017','PF000008','31/01/2025',31,'FALSE','TRUE','FALSE'),('ORD00071','19/05/2025','COMP001','BUY',898,'FILLED','MARKET','TRD000029','PF000008','5/06/2025',156,'FALSE','TRUE','FALSE'),('ORD00072','2/06/2025','COMP001','SELL',339,'FILLED','MARKET','TRD000008','PF000006','12/06/2025',163,'FALSE','TRUE','FALSE'),('ORD00073','13/01/2025','COMP007','SELL',999,'FILLED','MARKET','TRD000014','PF000010','15/05/2025',135,'FALSE','TRUE','FALSE'),('ORD00074','20/02/2025','COMP002','SELL',83,'FILLED','MARKET','TRD000007','PF000006','16/05/2025',136,'FALSE','TRUE','FALSE'),('ORD00075','25/02/2025','COMP006','BUY',841,'FILLED','MARKET','TRD000006','PF000009','4/06/2025',155,'FALSE','TRUE','FALSE'),('ORD00076','12/02/2025','COMP008','BUY',443,'FILLED','MARKET','TRD000003','PF000001','4/04/2025',94,'FALSE','TRUE','FALSE'),('ORD00077','19/06/2025','COMP003','SELL',880,'FILLED','MARKET','TRD000023','PF000001','10/06/2025',161,'FALSE','TRUE','FALSE'),('ORD00078','7/04/2025','COMP003','BUY',988,'FILLED','MARKET','TRD000021','PF000001','25/04/2025',115,'FALSE','TRUE','FALSE'),('ORD00079','27/06/2025','COMP006','SELL',225,'FILLED','MARKET','TRD000009','PF000008','7/03/2025',66,'FALSE','TRUE','FALSE'),('ORD00080','9/01/2025','COMP002','SELL',551,'FILLED','MARKET','TRD000010','PF000005','7/01/2025',7,'FALSE','TRUE','FALSE'),('ORD00081','22/04/2025','COMP004','SELL',509,'FILLED','MARKET','TRD000024','PF000001','8/04/2025',98,'FALSE','TRUE','FALSE'),('ORD00082','10/02/2025','COMP005','BUY',135,'FILLED','MARKET','TRD000003','PF000002','13/03/2025',72,'FALSE','TRUE','FALSE'),('ORD00083','25/06/2025','COMP007','SELL',491,'FILLED','MARKET','TRD000028','PF000002','19/05/2025',139,'FALSE','TRUE','FALSE'),('ORD00084','5/06/2025','COMP002','BUY',745,'FILLED','MARKET','TRD000010','PF000001','25/06/2025',176,'FALSE','TRUE','FALSE'),('ORD00085','19/03/2025','COMP005','BUY',717,'FILLED','MARKET','TRD000007','PF000004','5/05/2025',125,'FALSE','TRUE','FALSE'),('ORD00086','1/05/2025','COMP001','SELL',562,'FILLED','MARKET','TRD000004','PF000004','30/06/2025',181,'FALSE','TRUE','FALSE'),('ORD00087','26/06/2025','COMP006','SELL',218,'FILLED','MARKET','TRD000002','PF000009','26/03/2025',85,'FALSE','TRUE','FALSE'),('ORD00088','5/06/2025','COMP007','SELL',262,'FILLED','MARKET','TRD000009','PF000004','2/05/2025',122,'FALSE','TRUE','FALSE'),('ORD00089','11/03/2025','COMP008','SELL',511,'FILLED','MARKET','TRD000013','PF000002','2/04/2025',92,'FALSE','TRUE','FALSE'),('ORD00090','14/05/2025','COMP006','BUY',710,'FILLED','MARKET','TRD000019','PF000002','2/05/2025',122,'FALSE','TRUE','FALSE'),('ORD00091','21/04/2025','COMP008','BUY',245,'FILLED','MARKET','TRD000014','PF000001','19/05/2025',139,'FALSE','TRUE','FALSE'),('ORD00092','7/05/2025','COMP008','SELL',319,'FILLED','MARKET','TRD000006','PF000002','14/04/2025',104,'FALSE','TRUE','FALSE'),('ORD00093','28/04/2025','COMP004','BUY',606,'FILLED','MARKET','TRD000001','PF000002','23/04/2025',113,'FALSE','TRUE','FALSE'),('ORD00094','29/04/2025','COMP003','BUY',944,'FILLED','MARKET','TRD000024','PF000009','6/05/2025',126,'FALSE','TRUE','FALSE'),('ORD00095','7/04/2025','COMP005','BUY',669,'FILLED','MARKET','TRD000018','PF000007','2/06/2025',153,'FALSE','TRUE','FALSE'),('ORD00096','30/01/2025','COMP002','BUY',683,'FILLED','MARKET','TRD000001','PF000004','10/02/2025',41,'FALSE','TRUE','FALSE'),('ORD00097','9/04/2025','COMP002','BUY',970,'FILLED','MARKET','TRD000010','PF000001','9/06/2025',160,'FALSE','TRUE','FALSE'),('ORD00098','13/02/2025','COMP004','SELL',170,'FILLED','MARKET','TRD000028','PF000003','16/01/2025',16,'FALSE','TRUE','FALSE'),('ORD00099','17/02/2025','COMP001','BUY',608,'FILLED','MARKET','TRD000025','PF000007','12/02/2025',43,'FALSE','TRUE','FALSE'),('ORD00100','24/02/2025','COMP001','SELL',198,'FILLED','MARKET','TRD000004','PF000006','7/03/2025',66,'FALSE','TRUE','FALSE'),('ORD00101','21/03/2025','COMP007','SELL',717,'FILLED','MARKET','TRD000025','PF000002','10/02/2025',41,'FALSE','TRUE','FALSE'),('ORD00102','13/03/2025','COMP003','SELL',891,'FILLED','MARKET','TRD000030','PF000003','18/06/2025',169,'FALSE','TRUE','FALSE'),('ORD00103','16/04/2025','COMP008','SELL',307,'FILLED','MARKET','TRD000012','PF000005','17/04/2025',107,'FALSE','TRUE','FALSE'),('ORD00104','3/02/2025','COMP006','BUY',393,'FILLED','MARKET','TRD000022','PF000001','23/06/2025',174,'FALSE','TRUE','FALSE'),('ORD00105','11/02/2025','COMP008','BUY',998,'FILLED','MARKET','TRD000002','PF000010','24/01/2025',24,'FALSE','TRUE','FALSE'),('ORD00106','21/02/2025','COMP005','SELL',407,'FILLED','MARKET','TRD000008','PF000007','24/04/2025',114,'FALSE','TRUE','FALSE'),('ORD00107','20/03/2025','COMP003','SELL',949,'FILLED','MARKET','TRD000011','PF000006','11/06/2025',162,'FALSE','TRUE','FALSE'),('ORD00108','1/04/2025','COMP002','BUY',621,'FILLED','MARKET','TRD000016','PF000007','14/01/2025',14,'FALSE','TRUE','FALSE'),('ORD00109','9/04/2025','COMP005','SELL',117,'FILLED','MARKET','TRD000016','PF000005','13/06/2025',164,'FALSE','TRUE','FALSE'),('ORD00110','24/06/2025','COMP006','SELL',90,'FILLED','MARKET','TRD000006','PF000003','24/03/2025',83,'FALSE','TRUE','FALSE'),('ORD00111','21/03/2025','COMP005','BUY',207,'FILLED','MARKET','TRD000010','PF000003','1/01/2025',1,'FALSE','TRUE','FALSE'),('ORD00112','6/02/2025','COMP004','SELL',803,'FILLED','MARKET','TRD000018','PF000008','24/06/2025',175,'FALSE','TRUE','FALSE'),('ORD00113','7/04/2025','COMP006','BUY',838,'FILLED','MARKET','TRD000011','PF000008','25/04/2025',115,'FALSE','TRUE','FALSE'),('ORD00114','3/04/2025','COMP004','SELL',864,'FILLED','MARKET','TRD000022','PF000008','18/02/2025',49,'FALSE','TRUE','FALSE'),('ORD00115','3/01/2025','COMP006','BUY',323,'FILLED','MARKET','TRD000008','PF000008','7/03/2025',66,'FALSE','TRUE','FALSE'),('ORD00116','14/01/2025','COMP002','BUY',592,'FILLED','MARKET','TRD000018','PF000008','15/05/2025',135,'FALSE','TRUE','FALSE'),('ORD00117','15/05/2025','COMP002','SELL',83,'FILLED','MARKET','TRD000022','PF000007','18/04/2025',108,'FALSE','TRUE','FALSE'),('ORD00118','26/06/2025','COMP007','BUY',301,'FILLED','MARKET','TRD000007','PF000005','10/01/2025',10,'FALSE','TRUE','FALSE'),('ORD00119','14/04/2025','COMP004','BUY',546,'FILLED','MARKET','TRD000011','PF000008','23/01/2025',23,'FALSE','TRUE','FALSE'),('ORD00120','14/05/2025','COMP003','SELL',898,'FILLED','MARKET','TRD000005','PF000005','26/06/2025',177,'FALSE','TRUE','FALSE'),('ORD00121','11/03/2025','COMP003','BUY',377,'FILLED','MARKET','TRD000012','PF000004','18/06/2025',169,'FALSE','TRUE','FALSE'),('ORD00122','24/01/2025','COMP007','BUY',563,'FILLED','MARKET','TRD000006','PF000001','26/03/2025',85,'FALSE','TRUE','FALSE'),('ORD00123','20/01/2025','COMP003','SELL',442,'FILLED','MARKET','TRD000006','PF000003','3/02/2025',34,'FALSE','TRUE','FALSE'),('ORD00124','21/01/2025','COMP002','SELL',997,'FILLED','MARKET','TRD000014','PF000003','27/05/2025',147,'FALSE','TRUE','FALSE'),('ORD00125','8/05/2025','COMP002','BUY',442,'FILLED','MARKET','TRD000021','PF000002','23/01/2025',23,'FALSE','TRUE','FALSE'),('ORD00126','28/03/2025','COMP005','BUY',652,'FILLED','MARKET','TRD000026','PF000010','16/01/2025',16,'FALSE','TRUE','FALSE'),('ORD00127','9/01/2025','COMP005','SELL',55,'FILLED','MARKET','TRD000017','PF000007','7/01/2025',7,'FALSE','TRUE','FALSE'),('ORD00128','13/06/2025','COMP008','SELL',473,'FILLED','MARKET','TRD000013','PF000005','20/01/2025',20,'FALSE','TRUE','FALSE'),('ORD00129','18/04/2025','COMP007','BUY',820,'FILLED','MARKET','TRD000003','PF000010','13/06/2025',164,'FALSE','TRUE','FALSE'),('ORD00130','4/04/2025','COMP003','BUY',774,'FILLED','MARKET','TRD000018','PF000002','7/01/2025',7,'FALSE','TRUE','FALSE'),('ORD00131','3/03/2025','COMP008','BUY',938,'FILLED','MARKET','TRD000008','PF000008','15/01/2025',15,'FALSE','TRUE','FALSE'),('ORD00132','1/05/2025','COMP001','BUY',88,'FILLED','MARKET','TRD000008','PF000002','29/04/2025',119,'FALSE','TRUE','FALSE'),('ORD00133','16/01/2025','COMP007','BUY',817,'FILLED','MARKET','TRD000010','PF000002','11/03/2025',70,'FALSE','TRUE','FALSE'),('ORD00134','16/01/2025','COMP004','SELL',189,'FILLED','MARKET','TRD000016','PF000010','14/04/2025',104,'FALSE','TRUE','FALSE'),('ORD00135','7/03/2025','COMP002','BUY',28,'FILLED','MARKET','TRD000007','PF000008','3/06/2025',154,'FALSE','TRUE','FALSE'),('ORD00136','19/06/2025','COMP007','BUY',590,'FILLED','MARKET','TRD000019','PF000006','24/06/2025',175,'FALSE','TRUE','FALSE'),('ORD00137','23/01/2025','COMP008','BUY',163,'FILLED','MARKET','TRD000019','PF000009','14/03/2025',73,'FALSE','TRUE','FALSE'),('ORD00138','20/01/2025','COMP003','SELL',787,'FILLED','MARKET','TRD000004','PF000007','10/06/2025',161,'FALSE','TRUE','FALSE'),('ORD00139','10/06/2025','COMP002','BUY',778,'FILLED','MARKET','TRD000023','PF000005','18/06/2025',169,'FALSE','TRUE','FALSE'),('ORD00140','24/04/2025','COMP001','SELL',206,'FILLED','MARKET','TRD000020','PF000004','4/03/2025',63,'FALSE','TRUE','FALSE'),('ORD00141','24/06/2025','COMP005','SELL',316,'FILLED','MARKET','TRD000012','PF000005','1/01/2025',1,'FALSE','TRUE','FALSE'),('ORD00142','14/01/2025','COMP005','BUY',478,'FILLED','MARKET','TRD000013','PF000004','19/03/2025',78,'FALSE','TRUE','FALSE'),('ORD00143','30/04/2025','COMP004','BUY',670,'FILLED','MARKET','TRD000001','PF000005','17/04/2025',107,'FALSE','TRUE','FALSE'),('ORD00144','14/04/2025','COMP003','SELL',384,'FILLED','MARKET','TRD000014','PF000001','11/03/2025',70,'FALSE','TRUE','FALSE'),('ORD00145','12/03/2025','COMP005','SELL',275,'FILLED','MARKET','TRD000017','PF000003','17/03/2025',76,'FALSE','TRUE','FALSE'),('ORD00146','20/03/2025','COMP005','SELL',765,'FILLED','MARKET','TRD000028','PF000004','18/02/2025',49,'FALSE','TRUE','FALSE'),('ORD00147','13/02/2025','COMP004','SELL',755,'FILLED','MARKET','TRD000019','PF000007','24/04/2025',114,'FALSE','TRUE','FALSE'),('ORD00148','14/02/2025','COMP003','SELL',222,'FILLED','MARKET','TRD000022','PF000007','26/02/2025',57,'FALSE','TRUE','FALSE'),('ORD00149','9/06/2025','COMP006','BUY',767,'FILLED','MARKET','TRD000009','PF000002','29/04/2025',119,'FALSE','TRUE','FALSE'),('ORD00150','17/01/2025','COMP002','BUY',817,'FILLED','MARKET','TRD000012','PF000008','8/04/2025',98,'FALSE','TRUE','FALSE'),('ORD00151','27/01/2025','COMP004','BUY',963,'FILLED','MARKET','TRD000009','PF000007','7/02/2025',38,'FALSE','TRUE','FALSE'),('ORD00152','5/06/2025','COMP003','BUY',14,'FILLED','MARKET','TRD000025','PF000002','15/01/2025',15,'FALSE','TRUE','FALSE'),('ORD00153','6/05/2025','COMP008','SELL',625,'FILLED','MARKET','TRD000030','PF000007','24/04/2025',114,'FALSE','TRUE','FALSE'),('ORD00154','2/01/2025','COMP008','BUY',648,'FILLED','MARKET','TRD000005','PF000009','25/03/2025',84,'FALSE','TRUE','FALSE'),('ORD00155','11/04/2025','COMP001','BUY',553,'FILLED','MARKET','TRD000010','PF000004','6/02/2025',37,'FALSE','TRUE','FALSE'),('ORD00156','28/05/2025','COMP005','BUY',769,'FILLED','MARKET','TRD000006','PF000002','20/02/2025',51,'FALSE','TRUE','FALSE'),('ORD00157','29/04/2025','COMP006','BUY',719,'FILLED','MARKET','TRD000004','PF000010','28/04/2025',118,'FALSE','TRUE','FALSE'),('ORD00158','20/06/2025','COMP003','BUY',153,'FILLED','MARKET','TRD000011','PF000003','1/05/2025',121,'FALSE','TRUE','FALSE'),('ORD00159','6/05/2025','COMP004','BUY',366,'FILLED','MARKET','TRD000014','PF000009','2/01/2025',2,'FALSE','TRUE','FALSE'),('ORD00160','17/04/2025','COMP006','BUY',624,'FILLED','MARKET','TRD000014','PF000006','8/05/2025',128,'FALSE','TRUE','FALSE'),('ORD00161','14/02/2025','COMP002','BUY',80,'FILLED','MARKET','TRD000004','PF000009','14/01/2025',14,'FALSE','TRUE','FALSE'),('ORD00162','7/01/2025','COMP006','BUY',230,'FILLED','MARKET','TRD000012','PF000002','17/04/2025',107,'FALSE','TRUE','FALSE'),('ORD00163','13/05/2025','COMP005','SELL',923,'FILLED','MARKET','TRD000016','PF000002','16/06/2025',167,'FALSE','TRUE','FALSE'),('ORD00164','26/03/2025','COMP006','BUY',318,'FILLED','MARKET','TRD000007','PF000007','27/02/2025',58,'FALSE','TRUE','FALSE'),('ORD00165','6/01/2025','COMP008','BUY',870,'FILLED','MARKET','TRD000013','PF000006','4/04/2025',94,'FALSE','TRUE','FALSE'),('ORD00166','1/01/2025','COMP006','SELL',176,'FILLED','MARKET','TRD000023','PF000006','18/03/2025',77,'FALSE','TRUE','FALSE'),('ORD00167','6/05/2025','COMP004','SELL',570,'FILLED','MARKET','TRD000006','PF000008','11/02/2025',42,'FALSE','TRUE','FALSE'),('ORD00168','10/03/2025','COMP002','BUY',481,'FILLED','MARKET','TRD000015','PF000009','12/03/2025',71,'FALSE','TRUE','FALSE'),('ORD00169','23/06/2025','COMP008','BUY',483,'FILLED','MARKET','TRD000016','PF000006','14/05/2025',134,'FALSE','TRUE','FALSE'),('ORD00170','6/06/2025','COMP003','SELL',863,'FILLED','MARKET','TRD000029','PF000005','23/01/2025',23,'FALSE','TRUE','FALSE'),('ORD00171','19/03/2025','COMP002','BUY',717,'FILLED','MARKET','TRD000014','PF000004','13/05/2025',133,'FALSE','TRUE','FALSE'),('ORD00172','22/01/2025','COMP001','SELL',174,'FILLED','MARKET','TRD000029','PF000006','3/02/2025',34,'FALSE','TRUE','FALSE'),('ORD00173','4/03/2025','COMP005','SELL',411,'FILLED','MARKET','TRD000025','PF000010','17/06/2025',168,'FALSE','TRUE','FALSE'),('ORD00174','12/06/2025','COMP001','BUY',589,'FILLED','MARKET','TRD000021','PF000010','15/05/2025',135,'FALSE','TRUE','FALSE'),('ORD00175','27/02/2025','COMP005','BUY',306,'FILLED','MARKET','TRD000009','PF000005','8/05/2025',128,'FALSE','TRUE','FALSE'),('ORD00176','18/04/2025','COMP001','BUY',94,'FILLED','MARKET','TRD000019','PF000009','16/05/2025',136,'FALSE','TRUE','FALSE'),('ORD00177','27/03/2025','COMP005','SELL',488,'FILLED','MARKET','TRD000002','PF000003','18/04/2025',108,'FALSE','TRUE','FALSE'),('ORD00178','18/04/2025','COMP004','SELL',618,'FILLED','MARKET','TRD000015','PF000003','17/01/2025',17,'FALSE','TRUE','FALSE'),('ORD00179','14/01/2025','COMP001','SELL',104,'FILLED','MARKET','TRD000030','PF000002','28/02/2025',59,'FALSE','TRUE','FALSE'),('ORD00180','7/01/2025','COMP004','SELL',641,'FILLED','MARKET','TRD000012','PF000001','14/01/2025',14,'FALSE','TRUE','FALSE'),('ORD00181','15/05/2025','COMP008','SELL',202,'FILLED','MARKET','TRD000010','PF000008','11/04/2025',101,'FALSE','TRUE','FALSE'),('ORD00182','18/03/2025','COMP008','BUY',989,'FILLED','MARKET','TRD000009','PF000001','11/06/2025',162,'FALSE','TRUE','FALSE'),('ORD00183','10/06/2025','COMP006','BUY',382,'FILLED','MARKET','TRD000030','PF000006','18/03/2025',77,'FALSE','TRUE','FALSE'),('ORD00184','27/02/2025','COMP003','BUY',51,'FILLED','MARKET','TRD000006','PF000004','30/01/2025',30,'FALSE','TRUE','FALSE'),('ORD00185','28/03/2025','COMP004','SELL',583,'FILLED','MARKET','TRD000030','PF000008','20/02/2025',51,'FALSE','TRUE','FALSE'),('ORD00186','19/02/2025','COMP001','SELL',433,'FILLED','MARKET','TRD000029','PF000003','13/01/2025',13,'FALSE','TRUE','FALSE'),('ORD00187','10/02/2025','COMP008','BUY',978,'FILLED','MARKET','TRD000011','PF000002','14/01/2025',14,'FALSE','TRUE','FALSE'),('ORD00188','11/02/2025','COMP004','BUY',353,'FILLED','MARKET','TRD000001','PF000006','10/01/2025',10,'FALSE','TRUE','FALSE'),('ORD00189','6/02/2025','COMP007','BUY',220,'FILLED','MARKET','TRD000023','PF000005','16/06/2025',167,'FALSE','TRUE','FALSE'),('ORD00190','24/03/2025','COMP005','BUY',105,'FILLED','MARKET','TRD000015','PF000004','29/05/2025',149,'FALSE','TRUE','FALSE'),('ORD00191','6/02/2025','COMP007','SELL',741,'FILLED','MARKET','TRD000019','PF000010','4/03/2025',63,'FALSE','TRUE','FALSE'),('ORD00192','21/02/2025','COMP005','BUY',964,'FILLED','MARKET','TRD000006','PF000004','29/05/2025',149,'FALSE','TRUE','FALSE'),('ORD00193','18/02/2025','COMP002','SELL',603,'FILLED','MARKET','TRD000023','PF000010','2/04/2025',92,'FALSE','TRUE','FALSE'),('ORD00194','31/01/2025','COMP005','BUY',825,'FILLED','MARKET','TRD000017','PF000008','3/03/2025',62,'FALSE','TRUE','FALSE'),('ORD00195','13/05/2025','COMP001','SELL',149,'FILLED','MARKET','TRD000011','PF000002','16/06/2025',167,'FALSE','TRUE','FALSE'),('ORD00196','14/04/2025','COMP006','SELL',472,'FILLED','MARKET','TRD000022','PF000001','17/03/2025',76,'FALSE','TRUE','FALSE'),('ORD00197','26/02/2025','COMP005','BUY',488,'FILLED','MARKET','TRD000022','PF000001','24/06/2025',175,'FALSE','TRUE','FALSE'),('ORD00198','25/06/2025','COMP004','BUY',427,'FILLED','MARKET','TRD000005','PF000005','13/02/2025',44,'FALSE','TRUE','FALSE'),('ORD00199','3/01/2025','COMP005','SELL',223,'FILLED','MARKET','TRD000010','PF000005','18/03/2025',77,'FALSE','TRUE','FALSE'),('ORD00200','2/04/2025','COMP007','BUY',13,'FILLED','MARKET','TRD000010','PF000001','1/04/2025',91,'FALSE','TRUE','FALSE'),('ORD00201','29/01/2025','COMP008','BUY',545,'FILLED','MARKET','TRD000014','PF000008','19/03/2025',78,'FALSE','TRUE','FALSE'),('ORD00202','5/03/2025','COMP001','BUY',855,'FILLED','MARKET','TRD000012','PF000008','8/04/2025',98,'FALSE','TRUE','FALSE'),('ORD00203','23/04/2025','COMP004','BUY',779,'FILLED','MARKET','TRD000002','PF000009','23/06/2025',174,'FALSE','TRUE','FALSE'),('ORD00204','29/05/2025','COMP008','BUY',448,'FILLED','MARKET','TRD000020','PF000003','31/01/2025',31,'FALSE','TRUE','FALSE'),('ORD00205','23/05/2025','COMP001','BUY',560,'FILLED','MARKET','TRD000008','PF000007','3/04/2025',93,'FALSE','TRUE','FALSE'),('ORD00206','7/01/2025','COMP001','SELL',739,'FILLED','MARKET','TRD000016','PF000003','15/01/2025',15,'FALSE','TRUE','FALSE'),('ORD00207','12/02/2025','COMP005','SELL',596,'FILLED','MARKET','TRD000023','PF000002','9/04/2025',99,'FALSE','TRUE','FALSE'),('ORD00208','24/02/2025','COMP004','SELL',666,'FILLED','MARKET','TRD000008','PF000002','19/05/2025',139,'FALSE','TRUE','FALSE'),('ORD00209','8/04/2025','COMP005','BUY',175,'FILLED','MARKET','TRD000014','PF000007','20/01/2025',20,'FALSE','TRUE','FALSE'),('ORD00210','13/03/2025','COMP007','SELL',298,'FILLED','MARKET','TRD000020','PF000008','9/05/2025',129,'FALSE','TRUE','FALSE'),('ORD00211','20/02/2025','COMP005','BUY',487,'FILLED','MARKET','TRD000019','PF000005','27/01/2025',27,'FALSE','TRUE','FALSE'),('ORD00212','22/01/2025','COMP008','BUY',831,'FILLED','MARKET','TRD000011','PF000001','13/02/2025',44,'FALSE','TRUE','FALSE'),('ORD00213','24/03/2025','COMP005','SELL',846,'FILLED','MARKET','TRD000016','PF000002','26/06/2025',177,'FALSE','TRUE','FALSE'),('ORD00214','27/06/2025','COMP006','BUY',528,'FILLED','MARKET','TRD000005','PF000004','15/01/2025',15,'FALSE','TRUE','FALSE'),('ORD00215','14/03/2025','COMP005','SELL',920,'FILLED','MARKET','TRD000008','PF000007','27/06/2025',178,'FALSE','TRUE','FALSE'),('ORD00216','6/01/2025','COMP004','SELL',903,'FILLED','MARKET','TRD000003','PF000007','27/02/2025',58,'FALSE','TRUE','FALSE'),('ORD00217','29/01/2025','COMP008','SELL',560,'FILLED','MARKET','TRD000005','PF000010','15/01/2025',15,'FALSE','TRUE','FALSE'),('ORD00218','28/04/2025','COMP008','SELL',972,'FILLED','MARKET','TRD000004','PF000007','10/02/2025',41,'FALSE','TRUE','FALSE'),('ORD00219','7/04/2025','COMP008','SELL',786,'FILLED','MARKET','TRD000011','PF000003','14/02/2025',45,'FALSE','TRUE','FALSE'),('ORD00220','10/03/2025','COMP003','SELL',504,'FILLED','MARKET','TRD000019','PF000009','21/04/2025',111,'FALSE','TRUE','FALSE'),('ORD00221','6/05/2025','COMP008','BUY',239,'FILLED','MARKET','TRD000007','PF000009','21/03/2025',80,'FALSE','TRUE','FALSE'),('ORD00222','6/03/2025','COMP004','BUY',872,'FILLED','MARKET','TRD000008','PF000001','7/04/2025',97,'FALSE','TRUE','FALSE'),('ORD00223','6/05/2025','COMP005','SELL',707,'FILLED','MARKET','TRD000016','PF000010','26/03/2025',85,'FALSE','TRUE','FALSE'),('ORD00224','10/06/2025','COMP005','BUY',968,'FILLED','MARKET','TRD000015','PF000008','31/03/2025',90,'FALSE','TRUE','FALSE'),('ORD00225','13/01/2025','COMP008','BUY',280,'FILLED','MARKET','TRD000021','PF000005','25/06/2025',176,'FALSE','TRUE','FALSE'),('ORD00226','9/04/2025','COMP006','BUY',416,'FILLED','MARKET','TRD000012','PF000003','24/03/2025',83,'FALSE','TRUE','FALSE'),('ORD00227','20/01/2025','COMP006','SELL',382,'FILLED','MARKET','TRD000027','PF000008','31/01/2025',31,'FALSE','TRUE','FALSE'),('ORD00228','10/04/2025','COMP003','BUY',736,'FILLED','MARKET','TRD000012','PF000010','11/06/2025',162,'FALSE','TRUE','FALSE'),('ORD00229','21/03/2025','COMP006','BUY',823,'FILLED','MARKET','TRD000018','PF000007','13/05/2025',133,'FALSE','TRUE','FALSE'),('ORD00230','24/06/2025','COMP002','SELL',76,'FILLED','MARKET','TRD000025','PF000010','14/03/2025',73,'FALSE','TRUE','FALSE'),('ORD00231','24/04/2025','COMP005','BUY',608,'FILLED','MARKET','TRD000010','PF000005','14/03/2025',73,'FALSE','TRUE','FALSE'),('ORD00232','30/06/2025','COMP008','BUY',126,'FILLED','MARKET','TRD000014','PF000006','15/01/2025',15,'FALSE','TRUE','FALSE'),('ORD00233','18/03/2025','COMP007','BUY',340,'FILLED','MARKET','TRD000027','PF000004','3/04/2025',93,'FALSE','TRUE','FALSE'),('ORD00234','18/02/2025','COMP004','BUY',545,'FILLED','MARKET','TRD000022','PF000010','2/04/2025',92,'FALSE','TRUE','FALSE'),('ORD00235','21/01/2025','COMP005','BUY',770,'FILLED','MARKET','TRD000019','PF000005','4/02/2025',35,'FALSE','TRUE','FALSE'),('ORD00236','15/04/2025','COMP002','BUY',987,'FILLED','MARKET','TRD000014','PF000002','18/02/2025',49,'FALSE','TRUE','FALSE'),('ORD00237','24/03/2025','COMP008','BUY',48,'FILLED','MARKET','TRD000002','PF000003','4/03/2025',63,'FALSE','TRUE','FALSE'),('ORD00238','28/01/2025','COMP008','SELL',507,'FILLED','MARKET','TRD000004','PF000003','15/04/2025',105,'FALSE','TRUE','FALSE'),('ORD00239','11/02/2025','COMP005','BUY',319,'FILLED','MARKET','TRD000014','PF000009','18/04/2025',108,'FALSE','TRUE','FALSE'),('ORD00240','29/05/2025','COMP005','BUY',118,'FILLED','MARKET','TRD000021','PF000007','2/04/2025',92,'FALSE','TRUE','FALSE'),('ORD00241','30/01/2025','COMP006','BUY',75,'FILLED','MARKET','TRD000001','PF000001','11/02/2025',42,'FALSE','TRUE','FALSE'),('ORD00242','11/04/2025','COMP008','BUY',488,'FILLED','MARKET','TRD000022','PF000003','23/01/2025',23,'FALSE','TRUE','FALSE'),('ORD00243','24/03/2025','COMP004','SELL',874,'FILLED','MARKET','TRD000012','PF000003','28/02/2025',59,'FALSE','TRUE','FALSE'),('ORD00244','10/02/2025','COMP002','SELL',400,'FILLED','MARKET','TRD000012','PF000009','18/02/2025',49,'FALSE','TRUE','FALSE'),('ORD00245','28/05/2025','COMP002','SELL',41,'FILLED','MARKET','TRD000025','PF000001','18/03/2025',77,'FALSE','TRUE','FALSE'),('ORD00246','10/02/2025','COMP001','BUY',902,'FILLED','MARKET','TRD000023','PF000001','22/04/2025',112,'FALSE','TRUE','FALSE'),('ORD00247','6/01/2025','COMP008','SELL',91,'FILLED','MARKET','TRD000004','PF000009','15/01/2025',15,'FALSE','TRUE','FALSE'),('ORD00248','28/05/2025','COMP002','BUY',329,'FILLED','MARKET','TRD000012','PF000005','9/06/2025',160,'FALSE','TRUE','FALSE'),('ORD00249','21/03/2025','COMP004','SELL',121,'FILLED','MARKET','TRD000011','PF000005','16/05/2025',136,'FALSE','TRUE','FALSE'),('ORD00250','7/04/2025','COMP004','SELL',936,'FILLED','MARKET','TRD000004','PF000007','22/05/2025',142,'FALSE','TRUE','FALSE'),('ORD00251','9/06/2025','COMP008','BUY',213,'FILLED','MARKET','TRD000020','PF000002','29/05/2025',149,'FALSE','TRUE','FALSE'),('ORD00252','4/04/2025','COMP004','SELL',546,'FILLED','MARKET','TRD000012','PF000003','24/03/2025',83,'FALSE','TRUE','FALSE'),('ORD00253','26/02/2025','COMP003','SELL',181,'FILLED','MARKET','TRD000030','PF000010','17/03/2025',76,'FALSE','TRUE','FALSE'),('ORD00254','14/04/2025','COMP004','SELL',777,'FILLED','MARKET','TRD000008','PF000004','16/06/2025',167,'FALSE','TRUE','FALSE'),('ORD00255','13/06/2025','COMP008','BUY',576,'FILLED','MARKET','TRD000025','PF000008','6/05/2025',126,'FALSE','TRUE','FALSE'),('ORD00256','15/01/2025','COMP004','BUY',880,'FILLED','MARKET','TRD000008','PF000005','24/01/2025',24,'FALSE','TRUE','FALSE'),('ORD00257','30/01/2025','COMP005','SELL',702,'FILLED','MARKET','TRD000025','PF000002','14/04/2025',104,'FALSE','TRUE','FALSE'),('ORD00258','10/06/2025','COMP003','BUY',285,'FILLED','MARKET','TRD000023','PF000009','18/03/2025',77,'FALSE','TRUE','FALSE'),('ORD00259','10/04/2025','COMP001','BUY',220,'FILLED','MARKET','TRD000028','PF000009','7/05/2025',127,'FALSE','TRUE','FALSE'),('ORD00260','15/05/2025','COMP001','BUY',376,'FILLED','MARKET','TRD000027','PF000003','17/03/2025',76,'FALSE','TRUE','FALSE'),('ORD00261','12/06/2025','COMP002','SELL',974,'FILLED','MARKET','TRD000002','PF000006','21/04/2025',111,'FALSE','TRUE','FALSE'),('ORD00262','24/01/2025','COMP005','BUY',763,'FILLED','MARKET','TRD000030','PF000006','21/03/2025',80,'FALSE','TRUE','FALSE'),('ORD00263','6/06/2025','COMP006','SELL',655,'FILLED','MARKET','TRD000004','PF000001','2/04/2025',92,'FALSE','TRUE','FALSE'),('ORD00264','8/04/2025','COMP002','BUY',983,'FILLED','MARKET','TRD000021','PF000010','25/02/2025',56,'FALSE','TRUE','FALSE'),('ORD00265','30/01/2025','COMP006','BUY',572,'FILLED','MARKET','TRD000023','PF000002','2/05/2025',122,'FALSE','TRUE','FALSE'),('ORD00266','13/01/2025','COMP003','SELL',88,'FILLED','MARKET','TRD000014','PF000007','14/03/2025',73,'FALSE','TRUE','FALSE'),('ORD00267','17/02/2025','COMP008','SELL',812,'FILLED','MARKET','TRD000015','PF000009','28/01/2025',28,'FALSE','TRUE','FALSE'),('ORD00268','23/05/2025','COMP008','BUY',338,'FILLED','MARKET','TRD000020','PF000008','17/01/2025',17,'FALSE','TRUE','FALSE'),('ORD00269','30/06/2025','COMP001','SELL',100,'FILLED','MARKET','TRD000001','PF000001','19/06/2025',170,'FALSE','TRUE','FALSE'),('ORD00270','10/02/2025','COMP005','SELL',940,'FILLED','MARKET','TRD000020','PF000005','1/01/2025',1,'FALSE','TRUE','FALSE'),('ORD00271','14/04/2025','COMP004','BUY',954,'FILLED','MARKET','TRD000007','PF000009','21/02/2025',52,'FALSE','TRUE','FALSE'),('ORD00272','18/04/2025','COMP008','SELL',777,'FILLED','MARKET','TRD000021','PF000005','17/06/2025',168,'FALSE','TRUE','FALSE'),('ORD00273','21/02/2025','COMP003','BUY',608,'FILLED','MARKET','TRD000010','PF000004','7/02/2025',38,'FALSE','TRUE','FALSE'),('ORD00274','20/06/2025','COMP005','BUY',689,'FILLED','MARKET','TRD000006','PF000009','16/01/2025',16,'FALSE','TRUE','FALSE'),('ORD00275','5/03/2025','COMP001','SELL',735,'FILLED','MARKET','TRD000017','PF000007','4/06/2025',155,'FALSE','TRUE','FALSE'),('ORD00276','1/05/2025','COMP005','BUY',386,'FILLED','MARKET','TRD000001','PF000004','10/06/2025',161,'FALSE','TRUE','FALSE'),('ORD00277','29/01/2025','COMP003','BUY',67,'FILLED','MARKET','TRD000028','PF000008','10/06/2025',161,'FALSE','TRUE','FALSE'),('ORD00278','18/06/2025','COMP007','BUY',937,'FILLED','MARKET','TRD000022','PF000004','28/05/2025',148,'FALSE','TRUE','FALSE'),('ORD00279','12/03/2025','COMP005','SELL',782,'FILLED','MARKET','TRD000003','PF000005','20/03/2025',79,'FALSE','TRUE','FALSE'),('ORD00280','30/01/2025','COMP008','SELL',880,'FILLED','MARKET','TRD000027','PF000009','23/04/2025',113,'FALSE','TRUE','FALSE'),('ORD00281','7/04/2025','COMP007','BUY',481,'FILLED','MARKET','TRD000003','PF000005','13/02/2025',44,'FALSE','TRUE','FALSE'),('ORD00282','16/04/2025','COMP003','SELL',726,'FILLED','MARKET','TRD000018','PF000006','4/06/2025',155,'FALSE','TRUE','FALSE'),('ORD00283','27/06/2025','COMP001','BUY',699,'FILLED','MARKET','TRD000009','PF000003','24/02/2025',55,'FALSE','TRUE','FALSE'),('ORD00284','14/04/2025','COMP006','SELL',289,'FILLED','MARKET','TRD000029','PF000008','16/06/2025',167,'FALSE','TRUE','FALSE'),('ORD00285','18/03/2025','COMP001','SELL',537,'FILLED','MARKET','TRD000019','PF000001','2/05/2025',122,'FALSE','TRUE','FALSE'),('ORD00286','31/01/2025','COMP003','SELL',66,'FILLED','MARKET','TRD000017','PF000006','18/06/2025',169,'FALSE','TRUE','FALSE'),('ORD00287','23/05/2025','COMP004','BUY',449,'FILLED','MARKET','TRD000008','PF000003','7/01/2025',7,'FALSE','TRUE','FALSE'),('ORD00288','23/01/2025','COMP004','BUY',540,'FILLED','MARKET','TRD000022','PF000002','15/05/2025',135,'FALSE','TRUE','FALSE'),('ORD00289','14/04/2025','COMP004','SELL',211,'FILLED','MARKET','TRD000009','PF000009','1/05/2025',121,'FALSE','TRUE','FALSE'),('ORD00290','22/04/2025','COMP001','SELL',16,'FILLED','MARKET','TRD000024','PF000010','27/02/2025',58,'FALSE','TRUE','FALSE'),('ORD00291','23/01/2025','COMP005','BUY',297,'FILLED','MARKET','TRD000006','PF000008','5/02/2025',36,'FALSE','TRUE','FALSE'),('ORD00292','3/01/2025','COMP007','BUY',989,'FILLED','MARKET','TRD000029','PF000003','28/05/2025',148,'FALSE','TRUE','FALSE'),('ORD00293','5/02/2025','COMP004','SELL',130,'FILLED','MARKET','TRD000028','PF000007','18/02/2025',49,'FALSE','TRUE','FALSE'),('ORD00294','23/01/2025','COMP005','BUY',919,'FILLED','MARKET','TRD000028','PF000001','6/03/2025',65,'FALSE','TRUE','FALSE'),('ORD00295','4/02/2025','COMP006','SELL',196,'FILLED','MARKET','TRD000012','PF000002','22/05/2025',142,'FALSE','TRUE','FALSE'),('ORD00296','10/04/2025','COMP005','BUY',925,'FILLED','MARKET','TRD000003','PF000005','29/01/2025',29,'FALSE','TRUE','FALSE'),('ORD00297','19/05/2025','COMP001','SELL',244,'FILLED','MARKET','TRD000002','PF000002','1/04/2025',91,'FALSE','TRUE','FALSE'),('ORD00298','10/02/2025','COMP003','SELL',635,'FILLED','MARKET','TRD000030','PF000001','19/06/2025',170,'FALSE','TRUE','FALSE'),('ORD00299','11/03/2025','COMP002','BUY',175,'FILLED','MARKET','TRD000025','PF000009','6/03/2025',65,'FALSE','TRUE','FALSE'),('ORD00300','24/01/2025','COMP007','BUY',448,'FILLED','MARKET','TRD000029','PF000008','19/06/2025',170,'FALSE','TRUE','FALSE'),('ORD00301','30/05/2025','COMP005','BUY',469,'FILLED','MARKET','TRD000021','PF000007','6/05/2025',126,'FALSE','TRUE','FALSE'),('ORD00302','21/01/2025','COMP002','BUY',220,'FILLED','MARKET','TRD000016','PF000004','14/05/2025',134,'FALSE','TRUE','FALSE'),('ORD00303','7/04/2025','COMP005','BUY',269,'FILLED','MARKET','TRD000018','PF000006','29/01/2025',29,'FALSE','TRUE','FALSE'),('ORD00304','15/05/2025','COMP007','SELL',977,'FILLED','MARKET','TRD000010','PF000004','20/01/2025',20,'FALSE','TRUE','FALSE'),('ORD00305','3/04/2025','COMP006','BUY',405,'FILLED','MARKET','TRD000029','PF000006','23/01/2025',23,'FALSE','TRUE','FALSE'),('ORD00306','8/04/2025','COMP002','SELL',380,'FILLED','MARKET','TRD000006','PF000002','9/04/2025',99,'FALSE','TRUE','FALSE'),('ORD00307','3/02/2025','COMP002','BUY',879,'FILLED','MARKET','TRD000016','PF000004','17/03/2025',76,'FALSE','TRUE','FALSE'),('ORD00308','23/06/2025','COMP001','BUY',720,'FILLED','MARKET','TRD000001','PF000006','13/05/2025',133,'FALSE','TRUE','FALSE'),('ORD00309','11/06/2025','COMP006','SELL',614,'FILLED','MARKET','TRD000029','PF000007','17/03/2025',76,'FALSE','TRUE','FALSE'),('ORD00310','20/05/2025','COMP006','SELL',270,'FILLED','MARKET','TRD000024','PF000002','10/03/2025',69,'FALSE','TRUE','FALSE'),('ORD00311','9/01/2025','COMP002','BUY',648,'FILLED','MARKET','TRD000008','PF000001','8/01/2025',8,'FALSE','TRUE','FALSE'),('ORD00312','30/05/2025','COMP004','SELL',121,'FILLED','MARKET','TRD000014','PF000010','16/04/2025',106,'FALSE','TRUE','FALSE'),('ORD00313','4/06/2025','COMP007','BUY',259,'FILLED','MARKET','TRD000025','PF000006','2/05/2025',122,'FALSE','TRUE','FALSE'),('ORD00314','13/01/2025','COMP004','BUY',313,'FILLED','MARKET','TRD000009','PF000004','20/02/2025',51,'FALSE','TRUE','FALSE'),('ORD00315','18/04/2025','COMP003','BUY',629,'FILLED','MARKET','TRD000014','PF000001','25/04/2025',115,'FALSE','TRUE','FALSE'),('ORD00316','7/02/2025','COMP003','SELL',222,'FILLED','MARKET','TRD000021','PF000007','21/05/2025',141,'FALSE','TRUE','FALSE'),('ORD00317','11/02/2025','COMP005','SELL',31,'FILLED','MARKET','TRD000003','PF000004','16/06/2025',167,'FALSE','TRUE','FALSE'),('ORD00318','2/01/2025','COMP003','BUY',722,'FILLED','MARKET','TRD000030','PF000009','24/03/2025',83,'FALSE','TRUE','FALSE'),('ORD00319','21/05/2025','COMP004','BUY',767,'FILLED','MARKET','TRD000004','PF000003','7/05/2025',127,'FALSE','TRUE','FALSE'),('ORD00320','14/02/2025','COMP004','BUY',519,'FILLED','MARKET','TRD000025','PF000004','28/01/2025',28,'FALSE','TRUE','FALSE'),('ORD00321','17/06/2025','COMP007','BUY',96,'FILLED','MARKET','TRD000015','PF000006','9/05/2025',129,'FALSE','TRUE','FALSE'),('ORD00322','5/03/2025','COMP008','SELL',287,'FILLED','MARKET','TRD000008','PF000010','2/05/2025',122,'FALSE','TRUE','FALSE'),('ORD00323','17/03/2025','COMP003','BUY',430,'FILLED','MARKET','TRD000026','PF000001','10/04/2025',100,'FALSE','TRUE','FALSE'),('ORD00324','13/03/2025','COMP001','BUY',383,'FILLED','MARKET','TRD000012','PF000002','16/05/2025',136,'FALSE','TRUE','FALSE'),('ORD00325','29/04/2025','COMP004','SELL',206,'FILLED','MARKET','TRD000010','PF000003','14/05/2025',134,'FALSE','TRUE','FALSE'),('ORD00326','14/01/2025','COMP002','SELL',978,'FILLED','MARKET','TRD000012','PF000007','3/02/2025',34,'FALSE','TRUE','FALSE'),('ORD00327','15/01/2025','COMP008','BUY',455,'FILLED','MARKET','TRD000012','PF000003','31/03/2025',90,'FALSE','TRUE','FALSE'),('ORD00328','18/02/2025','COMP001','SELL',854,'FILLED','MARKET','TRD000020','PF000004','1/04/2025',91,'FALSE','TRUE','FALSE'),('ORD00329','15/04/2025','COMP002','BUY',449,'FILLED','MARKET','TRD000007','PF000003','25/06/2025',176,'FALSE','TRUE','FALSE'),('ORD00330','27/03/2025','COMP004','BUY',249,'FILLED','MARKET','TRD000019','PF000009','2/01/2025',2,'FALSE','TRUE','FALSE'),('ORD00331','16/06/2025','COMP008','SELL',301,'FILLED','MARKET','TRD000014','PF000007','17/02/2025',48,'FALSE','TRUE','FALSE'),('ORD00332','14/02/2025','COMP001','BUY',285,'FILLED','MARKET','TRD000028','PF000003','23/06/2025',174,'FALSE','TRUE','FALSE'),('ORD00333','17/04/2025','COMP001','SELL',94,'FILLED','MARKET','TRD000017','PF000004','2/04/2025',92,'FALSE','TRUE','FALSE'),('ORD00334','10/06/2025','COMP004','BUY',108,'FILLED','MARKET','TRD000015','PF000008','3/03/2025',62,'FALSE','TRUE','FALSE'),('ORD00335','20/02/2025','COMP005','BUY',128,'FILLED','MARKET','TRD000019','PF000004','26/06/2025',177,'FALSE','TRUE','FALSE'),('ORD00336','5/06/2025','COMP002','SELL',247,'FILLED','MARKET','TRD000023','PF000005','17/03/2025',76,'FALSE','TRUE','FALSE'),('ORD00337','20/06/2025','COMP005','SELL',263,'FILLED','MARKET','TRD000015','PF000010','6/02/2025',37,'FALSE','TRUE','FALSE'),('ORD00338','6/05/2025','COMP006','SELL',936,'FILLED','MARKET','TRD000008','PF000009','16/01/2025',16,'FALSE','TRUE','FALSE'),('ORD00339','14/05/2025','COMP006','BUY',866,'FILLED','MARKET','TRD000007','PF000001','4/03/2025',63,'FALSE','TRUE','FALSE'),('ORD00340','27/03/2025','COMP002','BUY',974,'FILLED','MARKET','TRD000016','PF000009','12/05/2025',132,'FALSE','TRUE','FALSE'),('ORD00341','18/06/2025','COMP004','BUY',853,'FILLED','MARKET','TRD000014','PF000008','7/04/2025',97,'FALSE','TRUE','FALSE'),('ORD00342','5/03/2025','COMP008','BUY',799,'FILLED','MARKET','TRD000011','PF000003','17/03/2025',76,'FALSE','TRUE','FALSE'),('ORD00343','15/04/2025','COMP004','SELL',895,'FILLED','MARKET','TRD000007','PF000007','25/06/2025',176,'FALSE','TRUE','FALSE'),('ORD00344','27/03/2025','COMP003','SELL',32,'FILLED','MARKET','TRD000021','PF000008','28/01/2025',28,'FALSE','TRUE','FALSE'),('ORD00345','6/06/2025','COMP004','SELL',53,'FILLED','MARKET','TRD000014','PF000004','6/02/2025',37,'FALSE','TRUE','FALSE'),('ORD00346','30/05/2025','COMP006','BUY',228,'FILLED','MARKET','TRD000025','PF000001','9/01/2025',9,'FALSE','TRUE','FALSE'),('ORD00347','15/01/2025','COMP007','SELL',879,'FILLED','MARKET','TRD000009','PF000005','19/05/2025',139,'FALSE','TRUE','FALSE'),('ORD00348','25/02/2025','COMP004','SELL',796,'FILLED','MARKET','TRD000022','PF000005','17/02/2025',48,'FALSE','TRUE','FALSE'),('ORD00349','8/01/2025','COMP003','SELL',793,'FILLED','MARKET','TRD000024','PF000001','2/04/2025',92,'FALSE','TRUE','FALSE'),('ORD00350','9/04/2025','COMP003','SELL',887,'FILLED','MARKET','TRD000014','PF000005','14/01/2025',14,'FALSE','TRUE','FALSE'),('ORD00351','3/02/2025','COMP007','BUY',320,'FILLED','MARKET','TRD000019','PF000004','12/06/2025',163,'FALSE','TRUE','FALSE'),('ORD00352','31/01/2025','COMP007','BUY',604,'FILLED','MARKET','TRD000014','PF000010','24/06/2025',175,'FALSE','TRUE','FALSE'),('ORD00353','27/06/2025','COMP003','SELL',711,'FILLED','MARKET','TRD000008','PF000010','4/03/2025',63,'FALSE','TRUE','FALSE'),('ORD00354','22/01/2025','COMP002','BUY',432,'FILLED','MARKET','TRD000002','PF000003','4/03/2025',63,'FALSE','TRUE','FALSE'),('ORD00355','22/05/2025','COMP002','SELL',913,'FILLED','MARKET','TRD000009','PF000005','29/01/2025',29,'FALSE','TRUE','FALSE'),('ORD00356','23/05/2025','COMP002','BUY',988,'FILLED','MARKET','TRD000007','PF000001','6/01/2025',6,'FALSE','TRUE','FALSE'),('ORD00357','4/04/2025','COMP001','BUY',707,'FILLED','MARKET','TRD000011','PF000008','17/06/2025',168,'FALSE','TRUE','FALSE'),('ORD00358','10/06/2025','COMP001','SELL',783,'FILLED','MARKET','TRD000003','PF000010','11/04/2025',101,'FALSE','TRUE','FALSE'),('ORD00359','21/05/2025','COMP008','SELL',349,'FILLED','MARKET','TRD000004','PF000006','20/02/2025',51,'FALSE','TRUE','FALSE'),('ORD00360','14/03/2025','COMP006','SELL',666,'FILLED','MARKET','TRD000025','PF000009','28/05/2025',148,'FALSE','TRUE','FALSE'),('ORD00361','6/01/2025','COMP007','SELL',685,'FILLED','MARKET','TRD000008','PF000002','25/02/2025',56,'FALSE','TRUE','FALSE'),('ORD00362','20/01/2025','COMP004','BUY',65,'FILLED','MARKET','TRD000003','PF000001','6/06/2025',157,'FALSE','TRUE','FALSE'),('ORD00363','27/01/2025','COMP006','SELL',362,'FILLED','MARKET','TRD000024','PF000005','17/06/2025',168,'FALSE','TRUE','FALSE'),('ORD00364','18/06/2025','COMP008','BUY',393,'FILLED','MARKET','TRD000017','PF000005','29/04/2025',119,'FALSE','TRUE','FALSE'),('ORD00365','16/01/2025','COMP007','SELL',165,'FILLED','MARKET','TRD000024','PF000005','8/05/2025',128,'FALSE','TRUE','FALSE'),('ORD00366','18/06/2025','COMP007','BUY',747,'FILLED','MARKET','TRD000021','PF000007','29/01/2025',29,'FALSE','TRUE','FALSE'),('ORD00367','31/01/2025','COMP008','SELL',164,'FILLED','MARKET','TRD000008','PF000001','12/02/2025',43,'FALSE','TRUE','FALSE'),('ORD00368','24/06/2025','COMP007','BUY',88,'FILLED','MARKET','TRD000024','PF000004','17/04/2025',107,'FALSE','TRUE','FALSE'),('ORD00369','28/05/2025','COMP002','BUY',202,'FILLED','MARKET','TRD000019','PF000009','12/02/2025',43,'FALSE','TRUE','FALSE'),('ORD00370','19/02/2025','COMP001','SELL',573,'FILLED','MARKET','TRD000030','PF000008','22/01/2025',22,'FALSE','TRUE','FALSE'),('ORD00371','27/06/2025','COMP005','SELL',296,'FILLED','MARKET','TRD000027','PF000006','9/05/2025',129,'FALSE','TRUE','FALSE'),('ORD00372','3/04/2025','COMP008','BUY',65,'FILLED','MARKET','TRD000022','PF000002','21/01/2025',21,'FALSE','TRUE','FALSE'),('ORD00373','6/03/2025','COMP003','SELL',66,'FILLED','MARKET','TRD000015','PF000007','9/01/2025',9,'FALSE','TRUE','FALSE'),('ORD00374','12/05/2025','COMP006','SELL',819,'FILLED','MARKET','TRD000013','PF000007','1/01/2025',1,'FALSE','TRUE','FALSE'),('ORD00375','26/03/2025','COMP005','BUY',480,'FILLED','MARKET','TRD000019','PF000010','17/03/2025',76,'FALSE','TRUE','FALSE'),('ORD00376','15/05/2025','COMP003','SELL',801,'FILLED','MARKET','TRD000020','PF000003','26/02/2025',57,'FALSE','TRUE','FALSE'),('ORD00377','3/02/2025','COMP008','SELL',726,'FILLED','MARKET','TRD000025','PF000007','7/03/2025',66,'FALSE','TRUE','FALSE'),('ORD00378','28/02/2025','COMP001','SELL',550,'FILLED','MARKET','TRD000022','PF000003','23/01/2025',23,'FALSE','TRUE','FALSE'),('ORD00379','27/02/2025','COMP005','SELL',871,'FILLED','MARKET','TRD000028','PF000001','2/06/2025',153,'FALSE','TRUE','FALSE'),('ORD00380','23/04/2025','COMP007','SELL',679,'FILLED','MARKET','TRD000007','PF000002','24/01/2025',24,'FALSE','TRUE','FALSE'),('ORD00381','3/06/2025','COMP004','SELL',570,'FILLED','MARKET','TRD000017','PF000009','30/06/2025',181,'FALSE','TRUE','FALSE'),('ORD00382','28/05/2025','COMP001','BUY',308,'FILLED','MARKET','TRD000030','PF000004','18/02/2025',49,'FALSE','TRUE','FALSE'),('ORD00383','9/01/2025','COMP002','BUY',473,'FILLED','MARKET','TRD000029','PF000002','19/03/2025',78,'FALSE','TRUE','FALSE'),('ORD00384','27/03/2025','COMP007','SELL',337,'FILLED','MARKET','TRD000024','PF000001','25/03/2025',84,'FALSE','TRUE','FALSE'),('ORD00385','24/04/2025','COMP004','SELL',372,'FILLED','MARKET','TRD000014','PF000010','5/02/2025',36,'FALSE','TRUE','FALSE'),('ORD00386','2/05/2025','COMP008','BUY',715,'FILLED','MARKET','TRD000019','PF000010','6/02/2025',37,'FALSE','TRUE','FALSE'),('ORD00387','24/06/2025','COMP002','SELL',403,'FILLED','MARKET','TRD000018','PF000001','27/06/2025',178,'FALSE','TRUE','FALSE'),('ORD00388','16/06/2025','COMP005','SELL',171,'FILLED','MARKET','TRD000011','PF000009','18/04/2025',108,'FALSE','TRUE','FALSE'),('ORD00389','8/04/2025','COMP007','BUY',814,'FILLED','MARKET','TRD000026','PF000007','27/01/2025',27,'FALSE','TRUE','FALSE'),('ORD00390','10/01/2025','COMP008','SELL',675,'FILLED','MARKET','TRD000014','PF000010','17/04/2025',107,'FALSE','TRUE','FALSE'),('ORD00391','12/03/2025','COMP007','SELL',113,'FILLED','MARKET','TRD000007','PF000004','12/05/2025',132,'FALSE','TRUE','FALSE'),('ORD00392','26/03/2025','COMP008','BUY',925,'FILLED','MARKET','TRD000011','PF000008','17/03/2025',76,'FALSE','TRUE','FALSE'),('ORD00393','14/02/2025','COMP004','SELL',363,'FILLED','MARKET','TRD000002','PF000002','10/03/2025',69,'FALSE','TRUE','FALSE'),('ORD00394','7/02/2025','COMP007','SELL',744,'FILLED','MARKET','TRD000022','PF000002','27/06/2025',178,'FALSE','TRUE','FALSE'),('ORD00395','7/02/2025','COMP005','SELL',819,'FILLED','MARKET','TRD000016','PF000006','16/06/2025',167,'FALSE','TRUE','FALSE'),('ORD00396','24/03/2025','COMP002','SELL',955,'FILLED','MARKET','TRD000024','PF000002','16/05/2025',136,'FALSE','TRUE','FALSE'),('ORD00397','20/02/2025','COMP004','SELL',906,'FILLED','MARKET','TRD000001','PF000001','9/05/2025',129,'FALSE','TRUE','FALSE'),('ORD00398','30/01/2025','COMP002','BUY',847,'FILLED','MARKET','TRD000028','PF000008','15/04/2025',105,'FALSE','TRUE','FALSE'),('ORD00399','1/01/2025','COMP001','SELL',766,'FILLED','MARKET','TRD000030','PF000006','6/01/2025',6,'FALSE','TRUE','FALSE'),('ORD00400','20/06/2025','COMP001','BUY',148,'FILLED','MARKET','TRD000006','PF000005','9/05/2025',129,'FALSE','TRUE','FALSE'),('ORD00401','14/04/2025','COMP002','BUY',363,'FILLED','MARKET','TRD000017','PF000001','1/04/2025',91,'FALSE','TRUE','FALSE'),('ORD00402','23/05/2025','COMP003','SELL',154,'FILLED','MARKET','TRD000029','PF000007','24/01/2025',24,'FALSE','TRUE','FALSE'),('ORD00403','15/04/2025','COMP008','SELL',985,'FILLED','MARKET','TRD000021','PF000002','13/06/2025',164,'FALSE','TRUE','FALSE'),('ORD00404','31/01/2025','COMP007','BUY',56,'FILLED','MARKET','TRD000020','PF000010','17/01/2025',17,'FALSE','TRUE','FALSE'),('ORD00405','17/04/2025','COMP006','BUY',428,'FILLED','MARKET','TRD000025','PF000001','26/06/2025',177,'FALSE','TRUE','FALSE'),('ORD00406','14/05/2025','COMP005','SELL',959,'FILLED','MARKET','TRD000011','PF000005','17/06/2025',168,'FALSE','TRUE','FALSE'),('ORD00407','14/04/2025','COMP007','BUY',448,'FILLED','MARKET','TRD000016','PF000006','19/03/2025',78,'FALSE','TRUE','FALSE'),('ORD00408','15/04/2025','COMP006','BUY',262,'FILLED','MARKET','TRD000026','PF000009','26/03/2025',85,'FALSE','TRUE','FALSE'),('ORD00409','17/03/2025','COMP002','BUY',40,'FILLED','MARKET','TRD000010','PF000002','7/04/2025',97,'FALSE','TRUE','FALSE'),('ORD00410','30/04/2025','COMP002','BUY',474,'FILLED','MARKET','TRD000003','PF000010','12/03/2025',71,'FALSE','TRUE','FALSE'),('ORD00411','28/01/2025','COMP001','BUY',300,'FILLED','MARKET','TRD000009','PF000005','21/05/2025',141,'FALSE','TRUE','FALSE'),('ORD00412','12/05/2025','COMP003','BUY',949,'FILLED','MARKET','TRD000029','PF000008','7/02/2025',38,'FALSE','TRUE','FALSE'),('ORD00413','24/06/2025','COMP002','SELL',82,'FILLED','MARKET','TRD000016','PF000009','15/05/2025',135,'FALSE','TRUE','FALSE'),('ORD00414','21/03/2025','COMP002','BUY',284,'FILLED','MARKET','TRD000023','PF000001','20/06/2025',171,'FALSE','TRUE','FALSE'),('ORD00415','2/04/2025','COMP002','SELL',787,'FILLED','MARKET','TRD000006','PF000008','26/02/2025',57,'FALSE','TRUE','FALSE'),('ORD00416','14/02/2025','COMP008','SELL',922,'FILLED','MARKET','TRD000011','PF000005','11/04/2025',101,'FALSE','TRUE','FALSE'),('ORD00417','5/06/2025','COMP006','BUY',665,'FILLED','MARKET','TRD000014','PF000002','11/02/2025',42,'FALSE','TRUE','FALSE'),('ORD00418','24/03/2025','COMP005','SELL',186,'FILLED','MARKET','TRD000023','PF000004','29/01/2025',29,'FALSE','TRUE','FALSE'),('ORD00419','11/02/2025','COMP006','SELL',964,'FILLED','MARKET','TRD000001','PF000004','8/01/2025',8,'FALSE','TRUE','FALSE'),('ORD00420','15/04/2025','COMP007','SELL',166,'FILLED','MARKET','TRD000015','PF000007','31/03/2025',90,'FALSE','TRUE','FALSE'),('ORD00421','2/04/2025','COMP006','BUY',671,'FILLED','MARKET','TRD000024','PF000002','19/02/2025',50,'FALSE','TRUE','FALSE'),('ORD00422','26/03/2025','COMP004','BUY',866,'FILLED','MARKET','TRD000014','PF000005','16/04/2025',106,'FALSE','TRUE','FALSE'),('ORD00423','22/05/2025','COMP007','BUY',319,'FILLED','MARKET','TRD000010','PF000001','13/01/2025',13,'FALSE','TRUE','FALSE'),('ORD00424','1/04/2025','COMP003','BUY',740,'FILLED','MARKET','TRD000018','PF000009','24/04/2025',114,'FALSE','TRUE','FALSE'),('ORD00425','20/03/2025','COMP006','SELL',385,'FILLED','MARKET','TRD000023','PF000002','21/03/2025',80,'FALSE','TRUE','FALSE'),('ORD00426','19/06/2025','COMP006','BUY',50,'FILLED','MARKET','TRD000004','PF000005','24/01/2025',24,'FALSE','TRUE','FALSE'),('ORD00427','12/03/2025','COMP003','BUY',841,'FILLED','MARKET','TRD000020','PF000008','12/02/2025',43,'FALSE','TRUE','FALSE'),('ORD00428','3/03/2025','COMP002','SELL',631,'FILLED','MARKET','TRD000005','PF000009','12/03/2025',71,'FALSE','TRUE','FALSE'),('ORD00429','20/05/2025','COMP001','BUY',157,'FILLED','MARKET','TRD000017','PF000008','1/04/2025',91,'FALSE','TRUE','FALSE'),('ORD00430','28/04/2025','COMP007','BUY',546,'FILLED','MARKET','TRD000003','PF000005','28/02/2025',59,'FALSE','TRUE','FALSE'),('ORD00431','11/03/2025','COMP007','BUY',711,'FILLED','MARKET','TRD000004','PF000001','16/06/2025',167,'FALSE','TRUE','FALSE'),('ORD00432','10/04/2025','COMP008','SELL',846,'FILLED','MARKET','TRD000021','PF000009','16/05/2025',136,'FALSE','TRUE','FALSE'),('ORD00433','12/05/2025','COMP001','BUY',443,'FILLED','MARKET','TRD000026','PF000004','2/04/2025',92,'FALSE','TRUE','FALSE'),('ORD00434','20/01/2025','COMP004','SELL',230,'FILLED','MARKET','TRD000010','PF000008','9/05/2025',129,'FALSE','TRUE','FALSE'),('ORD00435','19/05/2025','COMP001','SELL',736,'FILLED','MARKET','TRD000012','PF000001','14/01/2025',14,'FALSE','TRUE','FALSE'),('ORD00436','27/06/2025','COMP003','SELL',584,'FILLED','MARKET','TRD000014','PF000003','18/03/2025',77,'FALSE','TRUE','FALSE'),('ORD00437','11/06/2025','COMP002','SELL',728,'FILLED','MARKET','TRD000021','PF000004','23/06/2025',174,'FALSE','TRUE','FALSE'),('ORD00438','26/02/2025','COMP002','SELL',420,'FILLED','MARKET','TRD000005','PF000003','7/02/2025',38,'FALSE','TRUE','FALSE'),('ORD00439','28/03/2025','COMP005','BUY',238,'FILLED','MARKET','TRD000011','PF000001','12/02/2025',43,'FALSE','TRUE','FALSE'),('ORD00440','28/01/2025','COMP005','SELL',344,'FILLED','MARKET','TRD000024','PF000009','25/02/2025',56,'FALSE','TRUE','FALSE'),('ORD00441','24/02/2025','COMP004','SELL',677,'FILLED','MARKET','TRD000023','PF000005','25/03/2025',84,'FALSE','TRUE','FALSE'),('ORD00442','28/05/2025','COMP008','SELL',390,'FILLED','MARKET','TRD000016','PF000008','27/06/2025',178,'FALSE','TRUE','FALSE'),('ORD00443','22/01/2025','COMP003','BUY',287,'FILLED','MARKET','TRD000009','PF000001','23/05/2025',143,'FALSE','TRUE','FALSE'),('ORD00444','23/05/2025','COMP001','SELL',928,'FILLED','MARKET','TRD000030','PF000003','27/06/2025',178,'FALSE','TRUE','FALSE'),('ORD00445','12/02/2025','COMP002','SELL',848,'FILLED','MARKET','TRD000002','PF000010','23/01/2025',23,'FALSE','TRUE','FALSE'),('ORD00446','21/01/2025','COMP005','BUY',897,'FILLED','MARKET','TRD000009','PF000001','18/06/2025',169,'FALSE','TRUE','FALSE'),('ORD00447','25/04/2025','COMP002','SELL',234,'FILLED','MARKET','TRD000004','PF000003','29/01/2025',29,'FALSE','TRUE','FALSE'),('ORD00448','11/04/2025','COMP007','SELL',878,'FILLED','MARKET','TRD000030','PF000010','22/01/2025',22,'FALSE','TRUE','FALSE'),('ORD00449','11/04/2025','COMP001','BUY',644,'FILLED','MARKET','TRD000003','PF000001','20/01/2025',20,'FALSE','TRUE','FALSE'),('ORD00450','12/03/2025','COMP007','SELL',796,'FILLED','MARKET','TRD000027','PF000002','20/03/2025',79,'FALSE','TRUE','FALSE'),('ORD00451','17/06/2025','COMP006','BUY',91,'FILLED','MARKET','TRD000014','PF000009','6/03/2025',65,'FALSE','TRUE','FALSE'),('ORD00452','14/04/2025','COMP006','SELL',418,'FILLED','MARKET','TRD000009','PF000005','8/04/2025',98,'FALSE','TRUE','FALSE'),('ORD00453','5/02/2025','COMP006','SELL',721,'FILLED','MARKET','TRD000014','PF000003','21/05/2025',141,'FALSE','TRUE','FALSE'),('ORD00454','12/03/2025','COMP006','SELL',280,'FILLED','MARKET','TRD000025','PF000008','4/03/2025',63,'FALSE','TRUE','FALSE'),('ORD00455','23/05/2025','COMP005','BUY',659,'FILLED','MARKET','TRD000003','PF000004','28/01/2025',28,'FALSE','TRUE','FALSE'),('ORD00456','31/01/2025','COMP007','BUY',569,'FILLED','MARKET','TRD000010','PF000005','9/06/2025',160,'FALSE','TRUE','FALSE'),('ORD00457','7/04/2025','COMP004','BUY',834,'FILLED','MARKET','TRD000020','PF000008','28/03/2025',87,'FALSE','TRUE','FALSE'),('ORD00458','3/02/2025','COMP006','BUY',230,'FILLED','MARKET','TRD000007','PF000006','26/02/2025',57,'FALSE','TRUE','FALSE'),('ORD00459','9/05/2025','COMP001','SELL',624,'FILLED','MARKET','TRD000001','PF000007','11/03/2025',70,'FALSE','TRUE','FALSE'),('ORD00460','20/01/2025','COMP006','BUY',451,'FILLED','MARKET','TRD000008','PF000006','20/06/2025',171,'FALSE','TRUE','FALSE'),('ORD00461','7/05/2025','COMP001','BUY',176,'FILLED','MARKET','TRD000022','PF000004','7/05/2025',127,'FALSE','TRUE','FALSE'),('ORD00462','3/06/2025','COMP002','BUY',991,'FILLED','MARKET','TRD000027','PF000008','15/05/2025',135,'FALSE','TRUE','FALSE'),('ORD00463','29/01/2025','COMP003','SELL',150,'FILLED','MARKET','TRD000002','PF000007','12/06/2025',163,'FALSE','TRUE','FALSE'),('ORD00464','20/02/2025','COMP004','SELL',696,'FILLED','MARKET','TRD000029','PF000008','22/05/2025',142,'FALSE','TRUE','FALSE'),('ORD00465','13/02/2025','COMP003','SELL',235,'FILLED','MARKET','TRD000018','PF000002','15/04/2025',105,'FALSE','TRUE','FALSE'),('ORD00466','21/02/2025','COMP004','SELL',34,'FILLED','MARKET','TRD000010','PF000007','31/01/2025',31,'FALSE','TRUE','FALSE'),('ORD00467','26/02/2025','COMP003','SELL',167,'FILLED','MARKET','TRD000004','PF000010','13/01/2025',13,'FALSE','TRUE','FALSE'),('ORD00468','10/03/2025','COMP008','BUY',668,'FILLED','MARKET','TRD000021','PF000007','6/02/2025',37,'FALSE','TRUE','FALSE'),('ORD00469','3/06/2025','COMP006','BUY',429,'FILLED','MARKET','TRD000010','PF000003','23/05/2025',143,'FALSE','TRUE','FALSE'),('ORD00470','20/02/2025','COMP003','SELL',55,'FILLED','MARKET','TRD000005','PF000006','24/02/2025',55,'FALSE','TRUE','FALSE'),('ORD00471','24/06/2025','COMP001','SELL',713,'FILLED','MARKET','TRD000009','PF000009','10/02/2025',41,'FALSE','TRUE','FALSE'),('ORD00472','26/03/2025','COMP007','BUY',792,'FILLED','MARKET','TRD000029','PF000001','14/03/2025',73,'FALSE','TRUE','FALSE'),('ORD00473','16/01/2025','COMP005','SELL',823,'FILLED','MARKET','TRD000021','PF000008','15/01/2025',15,'FALSE','TRUE','FALSE'),('ORD00474','22/04/2025','COMP003','SELL',656,'FILLED','MARKET','TRD000021','PF000003','26/05/2025',146,'FALSE','TRUE','FALSE'),('ORD00475','19/02/2025','COMP007','BUY',959,'FILLED','MARKET','TRD000028','PF000002','26/03/2025',85,'FALSE','TRUE','FALSE'),('ORD00476','12/06/2025','COMP008','SELL',564,'FILLED','MARKET','TRD000024','PF000005','19/02/2025',50,'FALSE','TRUE','FALSE'),('ORD00477','22/04/2025','COMP008','SELL',345,'FILLED','MARKET','TRD000023','PF000009','16/01/2025',16,'FALSE','TRUE','FALSE'),('ORD00478','2/04/2025','COMP002','SELL',922,'FILLED','MARKET','TRD000021','PF000007','9/04/2025',99,'FALSE','TRUE','FALSE'),('ORD00479','20/06/2025','COMP002','SELL',11,'FILLED','MARKET','TRD000017','PF000003','2/01/2025',2,'FALSE','TRUE','FALSE'),('ORD00480','27/01/2025','COMP006','BUY',16,'FILLED','MARKET','TRD000003','PF000004','2/06/2025',153,'FALSE','TRUE','FALSE'),('ORD00481','12/02/2025','COMP008','SELL',810,'FILLED','MARKET','TRD000014','PF000006','25/02/2025',56,'FALSE','TRUE','FALSE'),('ORD00482','27/01/2025','COMP008','BUY',858,'FILLED','MARKET','TRD000021','PF000007','31/01/2025',31,'FALSE','TRUE','FALSE'),('ORD00483','23/04/2025','COMP002','SELL',616,'FILLED','MARKET','TRD000013','PF000001','1/01/2025',1,'FALSE','TRUE','FALSE'),('ORD00484','20/03/2025','COMP008','SELL',666,'FILLED','MARKET','TRD000017','PF000008','18/06/2025',169,'FALSE','TRUE','FALSE'),('ORD00485','29/01/2025','COMP004','SELL',61,'FILLED','MARKET','TRD000006','PF000003','18/06/2025',169,'FALSE','TRUE','FALSE'),('ORD00486','4/04/2025','COMP007','BUY',515,'FILLED','MARKET','TRD000020','PF000003','23/01/2025',23,'FALSE','TRUE','FALSE'),('ORD00487','30/05/2025','COMP007','SELL',972,'FILLED','MARKET','TRD000015','PF000007','27/06/2025',178,'FALSE','TRUE','FALSE'),('ORD00488','3/04/2025','COMP004','SELL',814,'FILLED','MARKET','TRD000005','PF000001','17/03/2025',76,'FALSE','TRUE','FALSE'),('ORD00489','19/06/2025','COMP007','SELL',867,'FILLED','MARKET','TRD000009','PF000009','24/01/2025',24,'FALSE','TRUE','FALSE'),('ORD00490','5/02/2025','COMP008','BUY',50,'FILLED','MARKET','TRD000025','PF000010','14/02/2025',45,'FALSE','TRUE','FALSE'),('ORD00491','25/03/2025','COMP001','SELL',460,'FILLED','MARKET','TRD000016','PF000006','5/03/2025',64,'FALSE','TRUE','FALSE'),('ORD00492','3/03/2025','COMP003','BUY',153,'FILLED','MARKET','TRD000006','PF000004','30/05/2025',150,'FALSE','TRUE','FALSE'),('ORD00493','22/05/2025','COMP005','BUY',432,'FILLED','MARKET','TRD000030','PF000005','29/05/2025',149,'FALSE','TRUE','FALSE'),('ORD00494','14/04/2025','COMP002','SELL',562,'FILLED','MARKET','TRD000020','PF000009','27/03/2025',86,'FALSE','TRUE','FALSE'),('ORD00495','1/05/2025','COMP002','BUY',630,'FILLED','MARKET','TRD000029','PF000005','26/06/2025',177,'FALSE','TRUE','FALSE'),('ORD00496','11/02/2025','COMP004','BUY',965,'FILLED','MARKET','TRD000019','PF000008','14/02/2025',45,'FALSE','TRUE','FALSE'),('ORD00497','18/06/2025','COMP006','SELL',206,'FILLED','MARKET','TRD000007','PF000007','26/06/2025',177,'FALSE','TRUE','FALSE'),('ORD00498','28/01/2025','COMP004','BUY',537,'FILLED','MARKET','TRD000026','PF000009','19/05/2025',139,'FALSE','TRUE','FALSE'),('ORD00499','27/02/2025','COMP007','SELL',21,'FILLED','MARKET','TRD000004','PF000003','19/03/2025',78,'FALSE','TRUE','FALSE'),('ORD00500','18/04/2025','COMP004','BUY',902,'FILLED','MARKET','TRD000015','PF000003','2/04/2025',92,'FALSE','TRUE','FALSE');
/*!40000 ALTER TABLE `fact_orders` ENABLE KEYS */;
UNLOCK TABLES;

--
-- Table structure for table `fact_positions_snapshot`
--

DROP TABLE IF EXISTS `fact_positions_snapshot`;
/*!40101 SET @saved_cs_client     = @@character_set_client */;
/*!50503 SET character_set_client = utf8mb4 */;
CREATE TABLE `fact_positions_snapshot` (
  `﻿portfolio_id` text,
  `company_id` text,
  `date` text,
  `quantity` int DEFAULT NULL,
  `calendar_id` int DEFAULT NULL
) ENGINE=InnoDB DEFAULT CHARSET=utf8mb4 COLLATE=utf8mb4_0900_ai_ci;
/*!40101 SET character_set_client = @saved_cs_client */;

--
-- Dumping data for table `fact_positions_snapshot`
--

LOCK TABLES `fact_positions_snapshot` WRITE;
/*!40000 ALTER TABLE `fact_positions_snapshot` DISABLE KEYS */;
INSERT INTO `fact_positions_snapshot` VALUES ('PF000010','COMP007','18/02/2025',916,49),('PF000007','COMP003','16/04/2025',202,106),('PF000007','COMP006','21/03/2025',833,80),('PF000001','COMP004','28/02/2025',908,59),('PF000002','COMP008','19/02/2025',809,50),('PF000008','COMP004','21/02/2025',345,52),('PF000005','COMP001','5/06/2025',934,156),('PF000004','COMP001','29/04/2025',618,119),('PF000008','COMP006','10/01/2025',896,10),('PF000009','COMP003','27/02/2025',479,58);
/*!40000 ALTER TABLE `fact_positions_snapshot` ENABLE KEYS */;
UNLOCK TABLES;

--
-- Table structure for table `facts_splits`
--

DROP TABLE IF EXISTS `facts_splits`;
/*!40101 SET @saved_cs_client     = @@character_set_client */;
/*!50503 SET character_set_client = utf8mb4 */;
CREATE TABLE `facts_splits` (
  `﻿company_id` text,
  `date` text,
  `split_ratio` double DEFAULT NULL,
  `calendar_id` int DEFAULT NULL,
  `exchange_id` text
) ENGINE=InnoDB DEFAULT CHARSET=utf8mb4 COLLATE=utf8mb4_0900_ai_ci;
/*!40101 SET character_set_client = @saved_cs_client */;

--
-- Dumping data for table `facts_splits`
--

LOCK TABLES `facts_splits` WRITE;
/*!40000 ALTER TABLE `facts_splits` DISABLE KEYS */;
INSERT INTO `facts_splits` VALUES ('COMP004','21/05/2025',1.5,141,'EXCH01'),('COMP008','16/05/2025',2,136,'EXCH02'),('COMP004','13/06/2025',2,164,'EXCH01'),('COMP001','20/05/2025',1.5,140,'EXCH01'),('COMP008','5/05/2025',2,125,'EXCH02');
/*!40000 ALTER TABLE `facts_splits` ENABLE KEYS */;
UNLOCK TABLES;

--
-- Table structure for table `facts_trades`
--

DROP TABLE IF EXISTS `facts_trades`;
/*!40101 SET @saved_cs_client     = @@character_set_client */;
/*!50503 SET character_set_client = utf8mb4 */;
CREATE TABLE `facts_trades` (
  `trade_id` text,
  `order_id` text,
  `trade_ts` text,
  `company_id` text,
  `side` text,
  `quantity` int DEFAULT NULL,
  `price` double DEFAULT NULL,
  `fees` double DEFAULT NULL,
  `trader_id` text,
  `portfolio_id` text,
  `date` text,
  `calendar_id` int DEFAULT NULL,
  `trade_ts_imputed` text,
  `fees_imputed` text,
  `portfolio_id_imputed` text,
  `is_orphan_trade` text
) ENGINE=InnoDB DEFAULT CHARSET=utf8mb4 COLLATE=utf8mb4_0900_ai_ci;
/*!40101 SET character_set_client = @saved_cs_client */;

--
-- Dumping data for table `facts_trades`
--

LOCK TABLES `facts_trades` WRITE;
/*!40000 ALTER TABLE `facts_trades` DISABLE KEYS */;
INSERT INTO `facts_trades` VALUES ('TR_SYN_0000001','ORD00044','25/02/2025 0:28','COMP005','BUY',827,231.66,95.79,'TRD000028','PF000009','9/05/2025',129,'FALSE','FALSE','FALSE','FALSE'),('TR_SYN_0000002','ORD00147','10/03/2025 0:34','COMP008','BUY',665,1099.75,365.67,'TRD000010','PF000004','24/01/2025',24,'FALSE','FALSE','FALSE','FALSE'),('TR_SYN_0000003','ORD00281','24/06/2025 0:59','COMP003','SELL',787,2156.16,848.45,'TRD000012','PF000007','26/02/2025',57,'FALSE','FALSE','FALSE','FALSE'),('TR_SYN_0000004','ORD00014','30/01/2025 0:57','COMP004','BUY',194,604.46,58.63,'TRD000016','PF000010','12/06/2025',163,'FALSE','FALSE','FALSE','FALSE'),('TR_SYN_0000005','ORD00023','5/05/2025 0:46','COMP008','BUY',331,1369.91,226.72,'TRD000017','PF000010','16/01/2025',16,'FALSE','FALSE','FALSE','FALSE'),('TR_SYN_0000006','ORD00390','2/04/2025 0:32','COMP005','BUY',330,246.17,40.62,'TRD000026','PF000007','15/04/2025',105,'FALSE','FALSE','FALSE','FALSE'),('TR_SYN_0000007','ORD00249','18/04/2025 0:36','COMP006','BUY',203,241.39,24.5,'TRD000020','PF000003','16/04/2025',106,'FALSE','FALSE','FALSE','FALSE'),('TR_SYN_0000008','ORD00476','27/06/2025 0:32','COMP001','BUY',323,784.63,126.72,'TRD000030','PF000002','4/03/2025',63,'FALSE','FALSE','FALSE','FALSE'),('TR_SYN_0000009','ORD00374','26/06/2025 0:03','COMP005','SELL',857,255.49,109.48,'TRD000027','PF000009','2/01/2025',2,'FALSE','FALSE','FALSE','FALSE'),('TR_SYN_0000010','ORD00377','26/05/2025 0:02','COMP007','BUY',764,608.33,232.38,'TRD000002','PF000007','18/03/2025',77,'FALSE','FALSE','FALSE','FALSE'),('TR_SYN_0000011','ORD00063','1/05/2025 0:47','COMP002','BUY',151,1209.1,91.29,'TRD000002','PF000001','2/06/2025',153,'FALSE','FALSE','FALSE','FALSE'),('TR_SYN_0000012','ORD00369','21/04/2025 0:56','COMP001','BUY',52,798.26,20.75,'TRD000003','PF000003','18/04/2025',108,'FALSE','FALSE','FALSE','FALSE'),('TR_SYN_0000013','ORD00348','13/02/2025 0:35','COMP007','BUY',945,536.45,253.47,'TRD000028','PF000002','30/06/2025',181,'FALSE','FALSE','FALSE','FALSE'),('TR_SYN_0000014','ORD00490','5/05/2025 0:28','COMP003','BUY',81,2159.5,87.46,'TRD000030','PF000002','4/06/2025',155,'FALSE','FALSE','FALSE','FALSE'),('TR_SYN_0000015','ORD00193','17/03/2025 0:54','COMP002','BUY',353,1335.42,235.7,'TRD000011','PF000008','27/01/2025',27,'FALSE','FALSE','FALSE','FALSE'),('TR_SYN_0000016','ORD00171','4/06/2025 0:30','COMP006','BUY',138,245.54,16.94,'TRD000028','PF000008','7/05/2025',127,'FALSE','FALSE','FALSE','FALSE'),('TR_SYN_0000017','ORD00050','30/05/2025 0:40','COMP003','SELL',213,2239.99,238.56,'TRD000028','PF000001','18/03/2025',77,'FALSE','FALSE','FALSE','FALSE'),('TR_SYN_0000018','ORD00471','30/04/2025 0:03','COMP008','BUY',485,1377.06,333.94,'TRD000004','PF000006','2/01/2025',2,'FALSE','FALSE','FALSE','FALSE'),('TR_SYN_0000019','ORD00154','27/02/2025 0:34','COMP008','SELL',867,1028.25,445.75,'TRD000026','PF000003','25/06/2025',176,'FALSE','FALSE','FALSE','FALSE'),('TR_SYN_0000020','ORD00150','24/02/2025 0:58','COMP007','SELL',444,553.74,122.93,'TRD000022','PF000008','6/02/2025',37,'FALSE','FALSE','FALSE','FALSE'),('TR_SYN_0000021','ORD00167','15/01/2025 0:36','COMP005','BUY',815,232.7,94.83,'TRD000017','PF000007','24/01/2025',24,'FALSE','FALSE','FALSE','FALSE'),('TR_SYN_0000022','ORD00027','10/04/2025 0:15','COMP007','BUY',452,579.98,131.08,'TRD000026','PF000010','19/03/2025',78,'FALSE','FALSE','FALSE','FALSE'),('TR_SYN_0000023','ORD00438','22/05/2025 0:30','COMP007','SELL',887,597.48,264.98,'TRD000024','PF000006','4/02/2025',35,'FALSE','FALSE','FALSE','FALSE'),('TR_SYN_0000024','ORD00109','13/06/2025 0:52','COMP002','SELL',575,1284.21,369.21,'TRD000020','PF000007','12/03/2025',71,'FALSE','FALSE','FALSE','FALSE'),('TR_SYN_0000025','ORD00078','3/06/2025 0:16','COMP002','SELL',643,1249.63,401.76,'TRD000029','PF000010','11/04/2025',101,'FALSE','FALSE','FALSE','FALSE'),('TR_SYN_0000026','ORD00276','5/02/2025 0:06','COMP006','BUY',930,234.9,109.23,'TRD000016','PF000005','27/02/2025',58,'FALSE','FALSE','FALSE','FALSE'),('TR_SYN_0000027','ORD00399','18/02/2025 0:11','COMP007','BUY',807,544.14,219.56,'TRD000015','PF000002','25/04/2025',115,'FALSE','FALSE','FALSE','FALSE'),('TR_SYN_0000028','ORD00182','22/05/2025 0:54','COMP007','SELL',627,595.1,186.56,'TRD000015','PF000009','1/01/2025',1,'FALSE','FALSE','FALSE','FALSE'),('TR_SYN_0000029','ORD00317','1/05/2025 0:37','COMP001','BUY',226,831.48,93.96,'TRD000003','PF000002','29/05/2025',149,'FALSE','FALSE','FALSE','FALSE'),('TR_SYN_0000030','ORD00214','24/06/2025 0:55','COMP004','BUY',315,670.22,105.56,'TRD000030','PF000004','4/02/2025',35,'FALSE','FALSE','FALSE','FALSE'),('TR_SYN_0000031','ORD00234','6/01/2025 0:49','COMP007','SELL',922,452.75,208.72,'TRD000015','PF000004','7/05/2025',127,'FALSE','FALSE','FALSE','FALSE'),('TR_SYN_0000032','ORD00320','10/01/2025 0:12','COMP005','BUY',774,233.56,90.39,'TRD000022','PF000008','15/01/2025',15,'FALSE','FALSE','FALSE','FALSE'),('TR_SYN_0000033','ORD00291','6/02/2025 0:44','COMP005','SELL',553,232,64.15,'TRD000014','PF000004','7/04/2025',97,'FALSE','FALSE','FALSE','FALSE'),('TR_SYN_0000034','ORD00212','23/01/2025 0:53','COMP001','SELL',560,727.77,203.78,'TRD000029','PF000002','16/01/2025',16,'FALSE','FALSE','FALSE','FALSE'),('TR_SYN_0000035','ORD00116','30/01/2025 0:49','COMP005','SELL',212,233.74,24.78,'TRD000013','PF000007','31/03/2025',90,'FALSE','FALSE','FALSE','FALSE'),('TR_SYN_0000036','ORD00241','1/05/2025 0:22','COMP006','BUY',99,236.11,11.69,'TRD000030','PF000003','1/01/2025',1,'FALSE','FALSE','FALSE','FALSE'),('TR_SYN_0000037','ORD00371','21/05/2025 0:25','COMP003','SELL',923,2194.71,1012.86,'TRD000001','PF000005','6/02/2025',37,'FALSE','FALSE','FALSE','FALSE'),('TR_SYN_0000038','ORD00147','16/04/2025 0:39','COMP004','BUY',768,640.69,246.02,'TRD000008','PF000003','18/03/2025',77,'FALSE','FALSE','FALSE','FALSE'),('TR_SYN_0000039','ORD00165','12/06/2025 0:03','COMP007','SELL',181,620.78,56.18,'TRD000025','PF000003','4/06/2025',155,'FALSE','FALSE','FALSE','FALSE'),('TR_SYN_0000040','ORD00259','13/05/2025 0:51','COMP008','BUY',387,1340.37,259.36,'TRD000026','PF000008','5/02/2025',36,'FALSE','FALSE','FALSE','FALSE'),('TR_SYN_0000041','ORD00007','9/05/2025 0:23','COMP006','SELL',993,226.75,112.58,'TRD000018','PF000004','12/06/2025',163,'FALSE','FALSE','FALSE','FALSE'),('TR_SYN_0000042','ORD00134','13/05/2025 0:14','COMP007','SELL',919,604.14,277.6,'TRD000022','PF000010','23/04/2025',113,'FALSE','FALSE','FALSE','FALSE'),('TR_SYN_0000043','ORD00010','27/02/2025 0:12','COMP002','BUY',62,1264.82,39.21,'TRD000020','PF000007','17/02/2025',48,'FALSE','FALSE','FALSE','FALSE'),('TR_SYN_0000044','ORD00280','14/01/2025 0:54','COMP008','BUY',357,996.18,177.82,'TRD000017','PF000006','21/05/2025',141,'FALSE','FALSE','FALSE','FALSE'),('TR_SYN_0000045','ORD00358','9/05/2025 0:46','COMP008','BUY',156,1330.8,103.8,'TRD000014','PF000008','21/05/2025',141,'FALSE','FALSE','FALSE','FALSE'),('TR_SYN_0000046','ORD00010','1/05/2025 0:10','COMP008','BUY',25,1385.23,17.32,'TRD000018','PF000001','17/01/2025',17,'FALSE','FALSE','FALSE','FALSE'),('TR_SYN_0000047','ORD00106','9/04/2025 0:47','COMP008','SELL',24,1251.59,15.02,'TRD000001','PF000007','6/05/2025',126,'FALSE','FALSE','FALSE','FALSE'),('TR_SYN_0000048','ORD00194','3/06/2025 0:45','COMP003','BUY',721,2211.46,797.23,'TRD000003','PF000001','11/04/2025',101,'FALSE','FALSE','FALSE','FALSE'),('TR_SYN_0000049','ORD00261','5/06/2025 0:22','COMP005','BUY',855,255.35,109.16,'TRD000013','PF000010','8/05/2025',128,'FALSE','FALSE','FALSE','FALSE'),('TR_SYN_0000050','ORD00042','28/02/2025 0:46','COMP004','BUY',855,665.51,284.51,'TRD000001','PF000007','2/06/2025',153,'FALSE','FALSE','FALSE','FALSE'),('TR_SYN_0000051','ORD00227','19/03/2025 0:45','COMP005','SELL',164,245.53,20.13,'TRD000009','PF000005','4/04/2025',94,'FALSE','FALSE','FALSE','FALSE'),('TR_SYN_0000052','ORD00001','3/04/2025 0:49','COMP003','SELL',931,2226.41,1036.39,'TRD000004','PF000008','27/03/2025',86,'FALSE','FALSE','FALSE','FALSE'),('TR_SYN_0000053','ORD00388','13/06/2025 0:19','COMP002','SELL',859,1285.55,552.14,'TRD000027','PF000002','24/06/2025',175,'FALSE','FALSE','FALSE','FALSE'),('TR_SYN_0000054','ORD00426','4/06/2025 0:04','COMP008','SELL',770,1379.83,531.23,'TRD000003','PF000004','18/02/2025',49,'FALSE','FALSE','FALSE','FALSE'),('TR_SYN_0000055','ORD00056','20/01/2025 0:12','COMP004','BUY',383,600.54,115,'TRD000030','PF000008','12/06/2025',163,'FALSE','FALSE','FALSE','FALSE'),('TR_SYN_0000056','ORD00314','8/05/2025 0:03','COMP008','SELL',965,1366.78,659.47,'TRD000003','PF000003','28/01/2025',28,'FALSE','FALSE','FALSE','FALSE'),('TR_SYN_0000057','ORD00454','20/02/2025 0:24','COMP005','SELL',419,238.96,50.06,'TRD000008','PF000003','5/05/2025',125,'FALSE','FALSE','FALSE','FALSE'),('TR_SYN_0000058','ORD00035','7/02/2025 0:06','COMP001','BUY',428,745.89,159.62,'TRD000005','PF000010','24/06/2025',175,'FALSE','FALSE','FALSE','FALSE'),('TR_SYN_0000059','ORD00107','29/04/2025 0:20','COMP001','SELL',803,834.19,334.93,'TRD000024','PF000007','26/05/2025',146,'FALSE','FALSE','FALSE','FALSE'),('TR_SYN_0000060','ORD00256','1/05/2025 0:36','COMP004','BUY',472,667.16,157.45,'TRD000021','PF000001','1/05/2025',121,'FALSE','FALSE','FALSE','FALSE'),('TR_SYN_0000061','ORD00053','10/06/2025 0:40','COMP004','BUY',312,675.62,105.4,'TRD000015','PF000007','20/05/2025',140,'FALSE','FALSE','FALSE','FALSE'),('TR_SYN_0000062','ORD00331','20/03/2025 0:24','COMP008','BUY',808,1238.6,500.39,'TRD000026','PF000007','7/05/2025',127,'FALSE','FALSE','FALSE','FALSE'),('TR_SYN_0000063','ORD00465','21/05/2025 0:45','COMP004','BUY',767,658.14,252.4,'TRD000010','PF000010','2/05/2025',122,'FALSE','FALSE','FALSE','FALSE'),('TR_SYN_0000064','ORD00481','15/04/2025 0:13','COMP003','SELL',258,2218.42,286.18,'TRD000008','PF000010','27/02/2025',58,'FALSE','FALSE','FALSE','FALSE'),('TR_SYN_0000065','ORD00176','3/01/2025 0:30','COMP001','SELL',512,806.08,206.36,'TRD000005','PF000007','13/05/2025',133,'FALSE','FALSE','FALSE','FALSE'),('TR_SYN_0000066','ORD00156','1/01/2025 0:06','COMP007','SELL',162,453.22,36.71,'TRD000027','PF000006','29/05/2025',149,'FALSE','FALSE','FALSE','FALSE'),('TR_SYN_0000067','ORD00313','4/02/2025 0:12','COMP008','BUY',537,1040.59,279.4,'TRD000004','PF000005','13/01/2025',13,'FALSE','FALSE','FALSE','FALSE'),('TR_SYN_0000068','ORD00270','17/02/2025 0:25','COMP006','SELL',354,231.98,41.06,'TRD000023','PF000009','18/06/2025',169,'FALSE','FALSE','FALSE','FALSE'),('TR_SYN_0000069','ORD00254','27/05/2025 0:13','COMP001','BUY',57,777.78,22.17,'TRD000020','PF000002','30/01/2025',30,'FALSE','FALSE','FALSE','FALSE'),('TR_SYN_0000070','ORD00397','21/01/2025 0:44','COMP005','BUY',525,236.56,62.1,'TRD000020','PF000009','10/06/2025',161,'FALSE','FALSE','FALSE','FALSE'),('TR_SYN_0000071','ORD00027','19/05/2025 0:14','COMP003','BUY',898,2234.12,1003.12,'TRD000023','PF000009','27/01/2025',27,'FALSE','FALSE','FALSE','FALSE'),('TR_SYN_0000072','ORD00401','2/06/2025 0:56','COMP003','SELL',339,2256.92,382.55,'TRD000010','PF000006','19/02/2025',50,'FALSE','FALSE','FALSE','FALSE'),('TR_SYN_0000073','ORD00352','13/01/2025 0:17','COMP006','SELL',999,240.8,120.28,'TRD000021','PF000009','14/04/2025',104,'FALSE','FALSE','FALSE','FALSE'),('TR_SYN_0000074','ORD00315','20/02/2025 0:24','COMP003','SELL',83,2148.98,89.18,'TRD000011','PF000009','5/05/2025',125,'FALSE','FALSE','FALSE','FALSE'),('TR_SYN_0000075','ORD00273','25/02/2025 0:50','COMP006','BUY',841,233.99,98.39,'TRD000029','PF000004','18/04/2025',108,'FALSE','FALSE','FALSE','FALSE'),('TR_SYN_0000076','ORD00054','12/02/2025 0:37','COMP007','BUY',443,541.88,120.03,'TRD000013','PF000008','10/01/2025',10,'FALSE','FALSE','FALSE','FALSE'),('TR_SYN_0000077','ORD00008','19/06/2025 0:46','COMP007','SELL',880,602.63,265.16,'TRD000005','PF000001','9/06/2025',160,'FALSE','FALSE','FALSE','FALSE'),('TR_SYN_0000078','ORD00427','7/04/2025 0:54','COMP001','BUY',988,814.07,402.15,'TRD000008','PF000006','13/03/2025',72,'FALSE','FALSE','FALSE','FALSE'),('TR_SYN_0000079','ORD00380','27/06/2025 0:56','COMP001','SELL',225,783.17,88.11,'TRD000007','PF000002','16/05/2025',136,'FALSE','FALSE','FALSE','FALSE'),('TR_SYN_0000080','ORD00207','9/01/2025 0:11','COMP005','SELL',551,226.98,62.53,'TRD000001','PF000001','19/05/2025',139,'FALSE','FALSE','FALSE','FALSE'),('TR_SYN_0000081','ORD00209','22/04/2025 0:58','COMP006','SELL',509,246.09,62.63,'TRD000002','PF000009','14/01/2025',14,'FALSE','FALSE','FALSE','FALSE'),('TR_SYN_0000082','ORD00398','10/02/2025 0:59','COMP006','BUY',135,234.73,15.84,'TRD000021','PF000003','2/01/2025',2,'FALSE','FALSE','FALSE','FALSE'),('TR_SYN_0000083','ORD00409','25/06/2025 0:46','COMP004','SELL',491,673.55,165.36,'TRD000027','PF000003','20/03/2025',79,'FALSE','FALSE','FALSE','FALSE'),('TR_SYN_0000084','ORD00435','5/06/2025 0:59','COMP001','BUY',745,761.02,283.48,'TRD000009','PF000004','14/05/2025',134,'FALSE','FALSE','FALSE','FALSE'),('TR_SYN_0000085','ORD00456','19/03/2025 0:59','COMP002','BUY',717,1310.5,469.81,'TRD000016','PF000009','28/03/2025',87,'FALSE','FALSE','FALSE','FALSE'),('TR_SYN_0000086','ORD00326','1/05/2025 0:54','COMP004','SELL',562,667.06,187.44,'TRD000020','PF000009','16/04/2025',106,'FALSE','FALSE','FALSE','FALSE'),('TR_SYN_0000087','ORD00212','26/06/2025 0:36','COMP007','SELL',218,588.46,64.14,'TRD000001','PF000003','2/01/2025',2,'FALSE','FALSE','FALSE','FALSE'),('TR_SYN_0000088','ORD00192','5/06/2025 0:04','COMP005','SELL',262,254.1,33.29,'TRD000023','PF000003','27/01/2025',27,'FALSE','FALSE','FALSE','FALSE'),('TR_SYN_0000089','ORD00446','11/03/2025 0:09','COMP006','SELL',511,237.47,60.67,'TRD000027','PF000006','14/04/2025',104,'FALSE','FALSE','FALSE','FALSE'),('TR_SYN_0000090','ORD00206','14/05/2025 0:02','COMP008','BUY',710,1351.68,479.85,'TRD000029','PF000005','6/01/2025',6,'FALSE','FALSE','FALSE','FALSE'),('TR_SYN_0000091','ORD00442','21/04/2025 0:09','COMP003','BUY',245,2150.21,263.4,'TRD000001','PF000006','30/04/2025',120,'FALSE','FALSE','FALSE','FALSE'),('TR_SYN_0000092','ORD00457','7/05/2025 0:15','COMP004','SELL',319,664.41,105.97,'TRD000028','PF000008','8/01/2025',8,'FALSE','FALSE','FALSE','FALSE'),('TR_SYN_0000093','ORD00035','28/04/2025 0:36','COMP003','BUY',606,2103.54,637.37,'TRD000021','PF000010','22/04/2025',112,'FALSE','FALSE','FALSE','FALSE'),('TR_SYN_0000094','ORD00255','29/04/2025 0:03','COMP004','BUY',944,667.56,315.09,'TRD000024','PF000006','10/01/2025',10,'FALSE','FALSE','FALSE','FALSE'),('TR_SYN_0000095','ORD00075','7/04/2025 0:55','COMP008','BUY',669,1221.3,408.52,'TRD000003','PF000004','5/06/2025',156,'FALSE','FALSE','FALSE','FALSE'),('TR_SYN_0000096','ORD00489','30/01/2025 0:34','COMP005','BUY',683,233.99,79.91,'TRD000018','PF000005','3/02/2025',34,'FALSE','FALSE','FALSE','FALSE'),('TR_SYN_0000097','ORD00358','9/04/2025 0:25','COMP008','BUY',970,1250.93,606.7,'TRD000006','PF000004','30/06/2025',181,'FALSE','FALSE','FALSE','FALSE'),('TR_SYN_0000098','ORD00410','13/02/2025 0:17','COMP006','SELL',170,230.88,19.62,'TRD000021','PF000005','4/02/2025',35,'FALSE','FALSE','FALSE','FALSE'),('TR_SYN_0000099','ORD00404','17/02/2025 0:08','COMP006','BUY',608,232.69,70.74,'TRD000029','PF000010','21/05/2025',141,'FALSE','FALSE','FALSE','FALSE'),('TR_SYN_0000100','ORD00385','24/02/2025 0:53','COMP006','SELL',198,237.07,23.47,'TRD000016','PF000008','5/02/2025',36,'FALSE','FALSE','FALSE','FALSE'),('TR_SYN_0000101','ORD00135','21/03/2025 0:51','COMP007','SELL',717,584.75,209.63,'TRD000015','PF000005','26/06/2025',177,'FALSE','FALSE','FALSE','FALSE'),('TR_SYN_0000102','ORD00018','13/03/2025 0:01','COMP003','SELL',891,2172.18,967.71,'TRD000023','PF000004','20/05/2025',140,'FALSE','FALSE','FALSE','FALSE'),('TR_SYN_0000103','ORD00302','16/04/2025 0:39','COMP004','SELL',307,639.54,98.17,'TRD000007','PF000001','24/04/2025',114,'FALSE','FALSE','FALSE','FALSE'),('TR_SYN_0000104','ORD00472','3/02/2025 0:18','COMP007','BUY',393,508.59,99.94,'TRD000024','PF000009','17/02/2025',48,'FALSE','FALSE','FALSE','FALSE'),('TR_SYN_0000105','ORD00014','11/02/2025 0:40','COMP005','BUY',998,229.44,114.49,'TRD000001','PF000003','25/06/2025',176,'FALSE','FALSE','FALSE','FALSE'),('TR_SYN_0000106','ORD00398','21/02/2025 0:41','COMP004','SELL',407,626.77,127.55,'TRD000029','PF000010','15/01/2025',15,'FALSE','FALSE','FALSE','FALSE'),('TR_SYN_0000107','ORD00268','20/03/2025 0:21','COMP002','SELL',949,1302.05,617.82,'TRD000001','PF000003','12/03/2025',71,'FALSE','FALSE','FALSE','FALSE'),('TR_SYN_0000108','ORD00317','1/04/2025 0:25','COMP001','BUY',621,792.1,245.95,'TRD000010','PF000009','11/06/2025',162,'FALSE','FALSE','FALSE','FALSE'),('TR_SYN_0000109','ORD00179','9/04/2025 0:14','COMP008','SELL',117,1248.39,73.03,'TRD000013','PF000003','6/05/2025',126,'FALSE','FALSE','FALSE','FALSE'),('TR_SYN_0000110','ORD00433','24/06/2025 0:23','COMP001','SELL',90,775.93,34.92,'TRD000016','PF000008','26/06/2025',177,'FALSE','FALSE','FALSE','FALSE'),('TR_SYN_0000111','ORD00389','21/03/2025 0:48','COMP003','BUY',207,2157.79,223.33,'TRD000022','PF000001','27/06/2025',178,'FALSE','FALSE','FALSE','FALSE'),('TR_SYN_0000112','ORD00289','6/02/2025 0:46','COMP008','SELL',803,1038.8,417.08,'TRD000015','PF000006','2/04/2025',92,'FALSE','FALSE','FALSE','FALSE'),('TR_SYN_0000113','ORD00418','7/04/2025 0:16','COMP002','BUY',838,1310.87,549.25,'TRD000006','PF000007','11/03/2025',70,'FALSE','FALSE','FALSE','FALSE'),('TR_SYN_0000114','ORD00050','3/04/2025 0:46','COMP004','SELL',864,648.78,280.27,'TRD000030','PF000008','2/01/2025',2,'FALSE','FALSE','FALSE','FALSE'),('TR_SYN_0000115','ORD00226','3/01/2025 0:26','COMP007','BUY',323,450.48,72.75,'TRD000014','PF000001','18/02/2025',49,'FALSE','FALSE','FALSE','FALSE'),('TR_SYN_0000116','ORD00204','14/01/2025 0:53','COMP003','BUY',592,2018.55,597.49,'TRD000020','PF000007','18/06/2025',169,'FALSE','FALSE','FALSE','FALSE'),('TR_SYN_0000117','ORD00353','15/05/2025 0:01','COMP005','SELL',83,246.01,10.21,'TRD000007','PF000004','14/01/2025',14,'FALSE','FALSE','FALSE','FALSE'),('TR_SYN_0000118','ORD00040','26/06/2025 0:34','COMP005','BUY',301,254.6,38.32,'TRD000006','PF000008','8/01/2025',8,'FALSE','FALSE','FALSE','FALSE'),('TR_SYN_0000119','ORD00119','14/04/2025 0:39','COMP006','BUY',546,246.61,67.32,'TRD000025','PF000004','7/05/2025',127,'FALSE','FALSE','FALSE','FALSE'),('TR_SYN_0000120','ORD00333','14/05/2025 0:35','COMP002','SELL',898,1232.26,553.28,'TRD000021','PF000003','28/02/2025',59,'FALSE','FALSE','FALSE','FALSE'),('TR_SYN_0000121','ORD00030','11/03/2025 0:52','COMP002','BUY',377,1309.3,246.8,'TRD000016','PF000009','30/05/2025',150,'FALSE','FALSE','FALSE','FALSE'),('TR_SYN_0000122','ORD00105','24/01/2025 0:17','COMP003','BUY',563,2114.48,595.23,'TRD000005','PF000009','13/02/2025',44,'FALSE','FALSE','FALSE','FALSE'),('TR_SYN_0000123','ORD00311','20/01/2025 0:07','COMP007','SELL',442,486.92,107.61,'TRD000015','PF000007','1/04/2025',91,'FALSE','FALSE','FALSE','FALSE'),('TR_SYN_0000124','ORD00072','21/01/2025 0:39','COMP002','SELL',997,1238.84,617.56,'TRD000003','PF000005','3/03/2025',62,'FALSE','FALSE','FALSE','FALSE'),('TR_SYN_0000125','ORD00066','8/05/2025 0:14','COMP006','BUY',442,227.22,50.22,'TRD000020','PF000003','18/06/2025',169,'FALSE','FALSE','FALSE','FALSE'),('TR_SYN_0000126','ORD00187','28/03/2025 0:29','COMP005','BUY',652,243.97,79.53,'TRD000017','PF000002','7/01/2025',7,'FALSE','FALSE','FALSE','FALSE'),('TR_SYN_0000127','ORD00134','9/01/2025 0:25','COMP005','SELL',55,227.33,6.25,'TRD000028','PF000007','9/04/2025',99,'FALSE','FALSE','FALSE','FALSE'),('TR_SYN_0000128','ORD00103','13/06/2025 0:33','COMP003','SELL',473,2159.05,510.62,'TRD000015','PF000002','20/05/2025',140,'FALSE','FALSE','FALSE','FALSE'),('TR_SYN_0000129','ORD00290','18/04/2025 0:29','COMP006','BUY',820,241.42,98.98,'TRD000024','PF000007','15/05/2025',135,'FALSE','FALSE','FALSE','FALSE'),('TR_SYN_0000130','ORD00477','4/04/2025 0:17','COMP007','BUY',774,587.33,227.3,'TRD000008','PF000002','27/06/2025',178,'FALSE','FALSE','FALSE','FALSE'),('TR_SYN_0000131','ORD00295','3/03/2025 0:16','COMP007','BUY',938,570.06,267.36,'TRD000011','PF000005','24/01/2025',24,'FALSE','FALSE','FALSE','FALSE'),('TR_SYN_0000132','ORD00289','1/05/2025 0:30','COMP001','BUY',88,832.99,36.65,'TRD000017','PF000009','16/01/2025',16,'FALSE','FALSE','FALSE','FALSE'),('TR_SYN_0000133','ORD00283','16/01/2025 0:28','COMP006','BUY',817,243.15,99.33,'TRD000009','PF000003','14/04/2025',104,'FALSE','FALSE','FALSE','FALSE'),('TR_SYN_0000134','ORD00499','16/01/2025 0:38','COMP001','SELL',189,769.43,72.71,'TRD000015','PF000006','3/02/2025',34,'FALSE','FALSE','FALSE','FALSE'),('TR_SYN_0000135','ORD00063','7/03/2025 0:14','COMP001','BUY',28,754.8,10.57,'TRD000030','PF000008','6/01/2025',6,'FALSE','FALSE','FALSE','FALSE'),('TR_SYN_0000136','ORD00300','19/06/2025 0:49','COMP001','BUY',590,756.99,223.31,'TRD000028','PF000007','12/05/2025',132,'FALSE','FALSE','FALSE','FALSE'),('TR_SYN_0000137','ORD00130','23/01/2025 0:37','COMP002','BUY',163,1263.03,102.94,'TRD000001','PF000010','26/03/2025',85,'FALSE','FALSE','FALSE','FALSE'),('TR_SYN_0000138','ORD00354','20/01/2025 0:47','COMP001','SELL',787,759.58,298.89,'TRD000019','PF000006','7/03/2025',66,'FALSE','FALSE','FALSE','FALSE'),('TR_SYN_0000139','ORD00328','10/06/2025 0:41','COMP007','BUY',778,615.17,239.3,'TRD000008','PF000006','24/04/2025',114,'FALSE','FALSE','FALSE','FALSE'),('TR_SYN_0000140','ORD00331','24/04/2025 0:17','COMP003','SELL',206,2151.77,221.63,'TRD000021','PF000010','6/06/2025',157,'FALSE','FALSE','FALSE','FALSE'),('TR_SYN_0000141','ORD00355','24/06/2025 0:06','COMP005','SELL',316,260.02,41.08,'TRD000001','PF000009','18/02/2025',49,'FALSE','FALSE','FALSE','FALSE'),('TR_SYN_0000142','ORD00424','14/01/2025 0:36','COMP008','BUY',478,994.1,237.59,'TRD000025','PF000005','5/06/2025',156,'FALSE','FALSE','FALSE','FALSE'),('TR_SYN_0000143','ORD00424','30/04/2025 0:14','COMP003','BUY',670,2088.73,699.72,'TRD000017','PF000010','13/05/2025',133,'FALSE','FALSE','FALSE','FALSE'),('TR_SYN_0000144','ORD00102','14/04/2025 0:06','COMP007','SELL',384,568.88,109.22,'TRD000025','PF000003','20/03/2025',79,'FALSE','FALSE','FALSE','FALSE'),('TR_SYN_0000145','ORD00353','12/03/2025 0:00','COMP005','SELL',275,249.85,34.35,'TRD000004','PF000009','15/01/2025',15,'FALSE','FALSE','FALSE','FALSE'),('TR_SYN_0000146','ORD00343','20/03/2025 0:40','COMP007','SELL',765,588.69,225.17,'TRD000013','PF000007','28/03/2025',87,'FALSE','FALSE','FALSE','FALSE'),('TR_SYN_0000147','ORD00419','13/02/2025 0:37','COMP005','SELL',755,232.66,87.83,'TRD000026','PF000005','22/05/2025',142,'FALSE','FALSE','FALSE','FALSE'),('TR_SYN_0000148','ORD00381','14/02/2025 0:49','COMP007','SELL',222,540.85,60.03,'TRD000014','PF000010','25/04/2025',115,'FALSE','FALSE','FALSE','FALSE'),('TR_SYN_0000149','ORD00282','9/06/2025 0:45','COMP004','BUY',767,672.18,257.78,'TRD000022','PF000007','10/02/2025',41,'FALSE','FALSE','FALSE','FALSE'),('TR_SYN_0000150','ORD00227','17/01/2025 0:32','COMP003','BUY',817,2048.3,836.73,'TRD000023','PF000005','1/01/2025',1,'FALSE','FALSE','FALSE','FALSE'),('TR_SYN_0000151','ORD00303','27/01/2025 0:46','COMP005','BUY',963,234.75,113.03,'TRD000004','PF000010','20/05/2025',140,'FALSE','FALSE','FALSE','FALSE'),('TR_SYN_0000152','ORD00182','5/06/2025 0:46','COMP003','BUY',14,2175.73,15.23,'TRD000003','PF000007','26/06/2025',177,'FALSE','FALSE','FALSE','FALSE'),('TR_SYN_0000153','ORD00464','6/05/2025 0:32','COMP008','SELL',625,1361.27,425.4,'TRD000007','PF000009','7/05/2025',127,'FALSE','FALSE','FALSE','FALSE'),('TR_SYN_0000154','ORD00450','2/01/2025 0:30','COMP006','BUY',648,245.45,79.53,'TRD000006','PF000003','25/06/2025',176,'FALSE','FALSE','FALSE','FALSE'),('TR_SYN_0000155','ORD00135','11/04/2025 0:55','COMP001','BUY',553,819.23,226.52,'TRD000027','PF000003','12/05/2025',132,'FALSE','FALSE','FALSE','FALSE'),('TR_SYN_0000156','ORD00007','28/05/2025 0:15','COMP008','BUY',769,1445.49,555.79,'TRD000019','PF000002','23/01/2025',23,'FALSE','FALSE','FALSE','FALSE'),('TR_SYN_0000157','ORD00229','29/04/2025 0:47','COMP001','BUY',719,833.74,299.73,'TRD000025','PF000007','6/01/2025',6,'FALSE','FALSE','FALSE','FALSE'),('TR_SYN_0000158','ORD00453','20/06/2025 0:21','COMP008','BUY',153,1427.43,109.2,'TRD000025','PF000001','18/03/2025',77,'FALSE','FALSE','FALSE','FALSE'),('TR_SYN_0000159','ORD00098','6/05/2025 0:06','COMP003','BUY',366,2188.74,400.54,'TRD000012','PF000002','17/01/2025',17,'FALSE','FALSE','FALSE','FALSE'),('TR_SYN_0000160','ORD00069','17/04/2025 0:32','COMP007','BUY',624,580,180.96,'TRD000011','PF000008','2/05/2025',122,'FALSE','FALSE','FALSE','FALSE'),('TR_SYN_0000161','ORD00102','14/02/2025 0:16','COMP001','BUY',80,730.95,29.24,'TRD000028','PF000007','11/02/2025',42,'FALSE','FALSE','FALSE','FALSE'),('TR_SYN_0000162','ORD00375','7/01/2025 0:26','COMP004','BUY',230,616.86,70.94,'TRD000012','PF000009','25/06/2025',176,'FALSE','FALSE','FALSE','FALSE'),('TR_SYN_0000163','ORD00290','13/05/2025 0:48','COMP001','SELL',923,814.88,376.07,'TRD000007','PF000001','24/06/2025',175,'FALSE','FALSE','FALSE','FALSE'),('TR_SYN_0000164','ORD00310','26/03/2025 0:36','COMP006','BUY',318,231.34,36.78,'TRD000014','PF000010','5/05/2025',125,'FALSE','FALSE','FALSE','FALSE'),('TR_SYN_0000165','ORD00163','6/01/2025 0:56','COMP004','BUY',870,607.21,264.14,'TRD000025','PF000005','5/02/2025',36,'FALSE','FALSE','FALSE','FALSE'),('TR_SYN_0000166','ORD00320','1/01/2025 0:00','COMP003','SELL',176,1961.49,172.61,'TRD000010','PF000002','4/02/2025',35,'FALSE','FALSE','FALSE','FALSE'),('TR_SYN_0000167','ORD00244','6/05/2025 0:59','COMP006','SELL',570,227.17,64.74,'TRD000003','PF000002','2/04/2025',92,'FALSE','FALSE','FALSE','FALSE'),('TR_SYN_0000168','ORD00223','10/03/2025 0:28','COMP002','BUY',481,1290.7,310.41,'TRD000010','PF000005','19/02/2025',50,'FALSE','FALSE','FALSE','FALSE'),('TR_SYN_0000169','ORD00423','23/06/2025 0:56','COMP004','BUY',483,673.77,162.72,'TRD000014','PF000007','25/02/2025',56,'FALSE','FALSE','FALSE','FALSE'),('TR_SYN_0000170','ORD00364','6/06/2025 0:31','COMP001','SELL',863,756.52,326.44,'TRD000017','PF000002','17/06/2025',168,'FALSE','FALSE','FALSE','FALSE'),('TR_SYN_0000171','ORD00438','19/03/2025 0:25','COMP006','BUY',717,237.15,85.02,'TRD000007','PF000006','10/06/2025',161,'FALSE','FALSE','FALSE','FALSE'),('TR_SYN_0000172','ORD00324','22/01/2025 0:47','COMP001','SELL',174,732.03,63.69,'TRD000010','PF000004','14/05/2025',134,'FALSE','FALSE','FALSE','FALSE'),('TR_SYN_0000173','ORD00466','4/03/2025 0:32','COMP008','SELL',411,1040.85,213.89,'TRD000005','PF000010','16/01/2025',16,'FALSE','FALSE','FALSE','FALSE'),('TR_SYN_0000174','ORD00040','12/06/2025 0:32','COMP002','BUY',589,1249.47,367.97,'TRD000020','PF000008','25/06/2025',176,'FALSE','FALSE','FALSE','FALSE'),('TR_SYN_0000175','ORD00003','27/02/2025 0:05','COMP001','BUY',306,770.15,117.83,'TRD000004','PF000008','3/02/2025',34,'FALSE','FALSE','FALSE','FALSE'),('TR_SYN_0000176','ORD00323','18/04/2025 0:03','COMP002','BUY',94,1239.11,58.24,'TRD000012','PF000002','10/04/2025',100,'FALSE','FALSE','FALSE','FALSE'),('TR_SYN_0000177','ORD00255','27/03/2025 0:02','COMP003','SELL',488,2148.14,524.15,'TRD000008','PF000007','20/02/2025',51,'FALSE','FALSE','FALSE','FALSE'),('TR_SYN_0000178','ORD00045','18/04/2025 0:26','COMP005','SELL',618,257.04,79.43,'TRD000030','PF000007','15/04/2025',105,'FALSE','FALSE','FALSE','FALSE'),('TR_SYN_0000179','ORD00077','14/01/2025 0:57','COMP007','SELL',104,495.01,25.74,'TRD000010','PF000001','24/01/2025',24,'FALSE','FALSE','FALSE','FALSE'),('TR_SYN_0000180','ORD00194','7/01/2025 0:08','COMP003','SELL',641,1989.4,637.6,'TRD000026','PF000010','4/04/2025',94,'FALSE','FALSE','FALSE','FALSE'),('TR_SYN_0000181','ORD00354','15/05/2025 0:50','COMP004','SELL',202,651.93,65.84,'TRD000006','PF000005','7/05/2025',127,'FALSE','FALSE','FALSE','FALSE'),('TR_SYN_0000182','ORD00284','18/03/2025 0:07','COMP004','BUY',989,633.01,313.02,'TRD000024','PF000006','3/01/2025',3,'FALSE','FALSE','FALSE','FALSE'),('TR_SYN_0000183','ORD00142','10/06/2025 0:58','COMP007','BUY',382,617.55,117.95,'TRD000025','PF000006','19/02/2025',50,'FALSE','FALSE','FALSE','FALSE'),('TR_SYN_0000184','ORD00014','27/02/2025 0:20','COMP008','BUY',51,1030.59,26.28,'TRD000029','PF000001','21/05/2025',141,'FALSE','FALSE','FALSE','FALSE'),('TR_SYN_0000185','ORD00320','28/03/2025 0:59','COMP005','SELL',583,244.47,71.26,'TRD000027','PF000008','31/01/2025',31,'FALSE','FALSE','FALSE','FALSE'),('TR_SYN_0000186','ORD00136','19/02/2025 0:39','COMP008','SELL',433,1047.57,226.8,'TRD000008','PF000003','8/04/2025',98,'FALSE','FALSE','FALSE','FALSE'),('TR_SYN_0000187','ORD00301','10/02/2025 0:02','COMP007','BUY',978,528.88,258.62,'TRD000027','PF000005','10/04/2025',100,'FALSE','FALSE','FALSE','FALSE'),('TR_SYN_0000188','ORD00374','11/02/2025 0:55','COMP004','BUY',353,617.36,108.96,'TRD000003','PF000006','20/03/2025',79,'FALSE','FALSE','FALSE','FALSE'),('TR_SYN_0000189','ORD00325','6/02/2025 0:55','COMP002','BUY',220,1200.1,132.01,'TRD000024','PF000006','17/04/2025',107,'FALSE','FALSE','FALSE','FALSE'),('TR_SYN_0000190','ORD00093','24/03/2025 0:00','COMP004','BUY',105,628.9,33.02,'TRD000020','PF000006','18/03/2025',77,'FALSE','FALSE','FALSE','FALSE'),('TR_SYN_0000191','ORD00107','6/02/2025 0:24','COMP001','SELL',741,748.47,277.31,'TRD000006','PF000007','12/02/2025',43,'FALSE','FALSE','FALSE','FALSE'),('TR_SYN_0000192','ORD00270','21/02/2025 0:38','COMP001','BUY',964,793.06,382.25,'TRD000021','PF000006','30/05/2025',150,'FALSE','FALSE','FALSE','FALSE'),('TR_SYN_0000193','ORD00345','18/02/2025 0:53','COMP004','SELL',603,642.07,193.58,'TRD000022','PF000002','15/05/2025',135,'FALSE','FALSE','FALSE','FALSE'),('TR_SYN_0000194','ORD00213','31/01/2025 0:51','COMP003','BUY',825,2094.49,863.98,'TRD000012','PF000001','13/01/2025',13,'FALSE','FALSE','FALSE','FALSE'),('TR_SYN_0000195','ORD00402','13/05/2025 0:51','COMP002','SELL',149,1233.91,91.93,'TRD000006','PF000005','16/01/2025',16,'FALSE','FALSE','FALSE','FALSE'),('TR_SYN_0000196','ORD00415','14/04/2025 0:09','COMP001','SELL',472,821.15,193.79,'TRD000025','PF000001','10/03/2025',69,'FALSE','FALSE','FALSE','FALSE'),('TR_SYN_0000197','ORD00208','26/02/2025 0:33','COMP005','BUY',488,234.07,57.11,'TRD000024','PF000008','7/03/2025',66,'FALSE','FALSE','FALSE','FALSE'),('TR_SYN_0000198','ORD00392','25/06/2025 0:30','COMP003','BUY',427,2204.05,470.56,'TRD000003','PF000002','11/06/2025',162,'FALSE','FALSE','FALSE','FALSE'),('TR_SYN_0000199','ORD00448','3/01/2025 0:47','COMP008','SELL',223,991.56,110.56,'TRD000007','PF000009','24/03/2025',83,'FALSE','FALSE','FALSE','FALSE'),('TR_SYN_0000200','ORD00475','2/04/2025 0:59','COMP007','BUY',13,582.12,3.78,'TRD000002','PF000001','11/03/2025',70,'FALSE','FALSE','FALSE','FALSE'),('TR_SYN_0000201','ORD00084','29/01/2025 0:52','COMP005','BUY',545,235.89,64.28,'TRD000019','PF000009','20/05/2025',140,'FALSE','FALSE','FALSE','FALSE'),('TR_SYN_0000202','ORD00446','5/03/2025 0:25','COMP007','BUY',855,570.42,243.85,'TRD000015','PF000001','7/05/2025',127,'FALSE','FALSE','FALSE','FALSE'),('TR_SYN_0000203','ORD00451','23/04/2025 0:55','COMP002','BUY',779,1215.14,473.3,'TRD000003','PF000005','23/01/2025',23,'FALSE','FALSE','FALSE','FALSE'),('TR_SYN_0000204','ORD00348','29/05/2025 0:47','COMP005','BUY',448,256.73,57.51,'TRD000023','PF000009','6/03/2025',65,'FALSE','FALSE','FALSE','FALSE'),('TR_SYN_0000205','ORD00268','23/05/2025 0:07','COMP007','BUY',560,602.85,168.8,'TRD000023','PF000005','11/06/2025',162,'FALSE','FALSE','FALSE','FALSE'),('TR_SYN_0000206','ORD00024','7/01/2025 0:56','COMP006','SELL',739,239.25,88.4,'TRD000014','PF000002','19/02/2025',50,'FALSE','FALSE','FALSE','FALSE'),('TR_SYN_0000207','ORD00291','12/02/2025 0:43','COMP008','SELL',596,1004.33,299.29,'TRD000010','PF000010','14/03/2025',73,'FALSE','FALSE','FALSE','FALSE'),('TR_SYN_0000208','ORD00323','24/02/2025 0:29','COMP005','SELL',666,230.82,76.86,'TRD000008','PF000004','17/02/2025',48,'FALSE','FALSE','FALSE','FALSE'),('TR_SYN_0000209','ORD00140','8/04/2025 0:39','COMP001','BUY',175,812.93,71.13,'TRD000005','PF000008','21/03/2025',80,'FALSE','FALSE','FALSE','FALSE'),('TR_SYN_0000210','ORD00345','13/03/2025 0:34','COMP002','SELL',298,1336.02,199.07,'TRD000010','PF000001','17/01/2025',17,'FALSE','FALSE','FALSE','FALSE'),('TR_SYN_0000211','ORD00160','20/02/2025 0:07','COMP003','BUY',487,2143.14,521.85,'TRD000027','PF000003','24/04/2025',114,'FALSE','FALSE','FALSE','FALSE'),('TR_SYN_0000212','ORD00021','22/01/2025 0:40','COMP005','BUY',831,236.81,98.39,'TRD000013','PF000009','5/03/2025',64,'FALSE','FALSE','FALSE','FALSE'),('TR_SYN_0000213','ORD00210','24/03/2025 0:42','COMP007','SELL',846,584.11,247.08,'TRD000030','PF000005','31/01/2025',31,'FALSE','FALSE','FALSE','FALSE'),('TR_SYN_0000214','ORD00385','27/06/2025 0:52','COMP006','BUY',528,224.41,59.24,'TRD000018','PF000006','9/01/2025',9,'FALSE','FALSE','FALSE','FALSE'),('TR_SYN_0000215','ORD00166','14/03/2025 0:39','COMP004','SELL',920,644.04,296.26,'TRD000016','PF000008','10/01/2025',10,'FALSE','FALSE','FALSE','FALSE'),('TR_SYN_0000216','ORD00170','6/01/2025 0:41','COMP004','SELL',903,608.29,274.64,'TRD000003','PF000001','27/02/2025',58,'FALSE','FALSE','FALSE','FALSE'),('TR_SYN_0000217','ORD00070','29/01/2025 0:33','COMP006','SELL',560,236.56,66.24,'TRD000018','PF000003','4/02/2025',35,'FALSE','FALSE','FALSE','FALSE'),('TR_SYN_0000218','ORD00267','28/04/2025 0:21','COMP006','SELL',972,244.94,119.04,'TRD000008','PF000009','23/04/2025',113,'FALSE','FALSE','FALSE','FALSE'),('TR_SYN_0000219','ORD00292','7/04/2025 0:53','COMP008','SELL',786,1223.36,480.78,'TRD000002','PF000010','28/02/2025',59,'FALSE','FALSE','FALSE','FALSE'),('TR_SYN_0000220','ORD00353','10/03/2025 0:17','COMP003','SELL',504,2219.63,559.35,'TRD000012','PF000010','13/06/2025',164,'FALSE','FALSE','FALSE','FALSE'),('TR_SYN_0000221','ORD00437','6/05/2025 0:15','COMP004','BUY',239,675.78,80.76,'TRD000006','PF000003','25/06/2025',176,'FALSE','FALSE','FALSE','FALSE'),('TR_SYN_0000222','ORD00127','6/03/2025 0:26','COMP002','BUY',872,1313.95,572.88,'TRD000017','PF000004','30/06/2025',181,'FALSE','FALSE','FALSE','FALSE'),('TR_SYN_0000223','ORD00083','6/05/2025 0:13','COMP006','SELL',707,227.67,80.48,'TRD000009','PF000010','22/01/2025',22,'FALSE','FALSE','FALSE','FALSE'),('TR_SYN_0000224','ORD00226','10/06/2025 0:36','COMP004','BUY',968,677.81,328.06,'TRD000019','PF000005','26/05/2025',146,'FALSE','FALSE','FALSE','FALSE'),('TR_SYN_0000225','ORD00360','13/01/2025 0:02','COMP003','BUY',280,1991.15,278.76,'TRD000026','PF000003','13/02/2025',44,'FALSE','FALSE','FALSE','FALSE'),('TR_SYN_0000226','ORD00249','9/04/2025 0:21','COMP003','BUY',416,2150.89,447.39,'TRD000024','PF000006','23/05/2025',143,'FALSE','FALSE','FALSE','FALSE'),('TR_SYN_0000227','ORD00434','20/01/2025 0:19','COMP003','SELL',382,2054.48,392.41,'TRD000018','PF000009','10/06/2025',161,'FALSE','FALSE','FALSE','FALSE'),('TR_SYN_0000228','ORD00458','10/04/2025 0:02','COMP006','BUY',736,249.32,91.75,'TRD000014','PF000007','26/02/2025',57,'FALSE','FALSE','FALSE','FALSE'),('TR_SYN_0000229','ORD00307','21/03/2025 0:29','COMP007','BUY',823,584.18,240.39,'TRD000030','PF000002','24/02/2025',55,'FALSE','FALSE','FALSE','FALSE'),('TR_SYN_0000230','ORD00495','24/06/2025 0:47','COMP008','SELL',76,1382.74,52.54,'TRD000028','PF000008','27/06/2025',178,'FALSE','FALSE','FALSE','FALSE'),('TR_SYN_0000231','ORD00392','24/04/2025 0:22','COMP001','BUY',608,810.6,246.42,'TRD000026','PF000008','4/04/2025',94,'FALSE','FALSE','FALSE','FALSE'),('TR_SYN_0000232','ORD00020','30/06/2025 0:00','COMP002','BUY',126,1229.37,77.45,'TRD000026','PF000001','30/05/2025',150,'FALSE','FALSE','FALSE','FALSE'),('TR_SYN_0000233','ORD00417','18/03/2025 0:32','COMP007','BUY',340,585.7,99.57,'TRD000030','PF000002','15/01/2025',15,'FALSE','FALSE','FALSE','FALSE'),('TR_SYN_0000234','ORD00157','18/02/2025 0:59','COMP006','BUY',545,235.22,64.1,'TRD000021','PF000001','12/02/2025',43,'FALSE','FALSE','FALSE','FALSE'),('TR_SYN_0000235','ORD00137','21/01/2025 0:06','COMP007','BUY',770,483.63,186.2,'TRD000020','PF000002','24/06/2025',175,'FALSE','FALSE','FALSE','FALSE'),('TR_SYN_0000236','ORD00097','15/04/2025 0:06','COMP008','BUY',987,1315.26,649.08,'TRD000017','PF000010','31/01/2025',31,'FALSE','FALSE','FALSE','FALSE'),('TR_SYN_0000237','ORD00471','24/03/2025 0:32','COMP004','BUY',48,628.62,15.09,'TRD000004','PF000003','18/04/2025',108,'FALSE','FALSE','FALSE','FALSE'),('TR_SYN_0000238','ORD00257','28/01/2025 0:49','COMP006','SELL',507,238.22,60.39,'TRD000011','PF000001','14/02/2025',45,'FALSE','FALSE','FALSE','FALSE'),('TR_SYN_0000239','ORD00425','11/02/2025 0:46','COMP006','BUY',319,230.38,36.75,'TRD000013','PF000002','27/06/2025',178,'FALSE','FALSE','FALSE','FALSE'),('TR_SYN_0000240','ORD00188','29/05/2025 0:45','COMP004','BUY',118,672.47,39.68,'TRD000004','PF000004','17/04/2025',107,'FALSE','FALSE','FALSE','FALSE'),('TR_SYN_0000241','ORD00429','30/01/2025 0:55','COMP003','BUY',75,2057.53,77.16,'TRD000018','PF000001','29/01/2025',29,'FALSE','FALSE','FALSE','FALSE'),('TR_SYN_0000242','ORD00475','11/04/2025 0:31','COMP003','BUY',488,2310.86,563.85,'TRD000010','PF000001','28/05/2025',148,'FALSE','FALSE','FALSE','FALSE'),('TR_SYN_0000243','ORD00429','24/03/2025 0:13','COMP007','SELL',874,585.1,255.69,'TRD000023','PF000010','7/02/2025',38,'FALSE','FALSE','FALSE','FALSE'),('TR_SYN_0000244','ORD00416','10/02/2025 0:22','COMP004','SELL',400,618.51,123.7,'TRD000028','PF000006','16/06/2025',167,'FALSE','FALSE','FALSE','FALSE'),('TR_SYN_0000245','ORD00371','28/05/2025 0:29','COMP005','SELL',41,253.53,5.2,'TRD000019','PF000006','9/04/2025',99,'FALSE','FALSE','FALSE','FALSE'),('TR_SYN_0000246','ORD00279','10/02/2025 0:09','COMP003','BUY',902,2247.54,1013.64,'TRD000014','PF000005','21/05/2025',141,'FALSE','FALSE','FALSE','FALSE'),('TR_SYN_0000247','ORD00240','6/01/2025 0:41','COMP005','SELL',91,232.36,10.57,'TRD000030','PF000009','1/04/2025',91,'FALSE','FALSE','FALSE','FALSE'),('TR_SYN_0000248','ORD00298','28/05/2025 0:29','COMP001','BUY',329,765.78,125.97,'TRD000003','PF000004','30/01/2025',30,'FALSE','FALSE','FALSE','FALSE'),('TR_SYN_0000249','ORD00499','21/03/2025 0:25','COMP001','SELL',121,754.85,45.67,'TRD000004','PF000001','20/01/2025',20,'FALSE','FALSE','FALSE','FALSE'),('TR_SYN_0000250','ORD00252','7/04/2025 0:58','COMP003','SELL',936,2196.27,1027.85,'TRD000008','PF000002','8/04/2025',98,'FALSE','FALSE','FALSE','FALSE'),('TR_SYN_0000251','ORD00029','9/06/2025 0:40','COMP008','BUY',213,1358.28,144.66,'TRD000012','PF000003','12/03/2025',71,'FALSE','FALSE','FALSE','FALSE'),('TR_SYN_0000252','ORD00209','4/04/2025 0:03','COMP003','SELL',546,2246.29,613.24,'TRD000008','PF000010','12/02/2025',43,'FALSE','FALSE','FALSE','FALSE'),('TR_SYN_0000253','ORD00292','26/02/2025 0:23','COMP002','SELL',181,1279.85,115.83,'TRD000019','PF000008','28/01/2025',28,'FALSE','FALSE','FALSE','FALSE'),('TR_SYN_0000254','ORD00374','14/04/2025 0:54','COMP001','SELL',777,821.42,319.12,'TRD000002','PF000010','5/05/2025',125,'FALSE','FALSE','FALSE','FALSE'),('TR_SYN_0000255','ORD00365','13/06/2025 0:17','COMP007','BUY',576,612.74,176.47,'TRD000019','PF000006','2/05/2025',122,'FALSE','FALSE','FALSE','FALSE'),('TR_SYN_0000256','ORD00393','15/01/2025 0:33','COMP008','BUY',880,977.17,429.95,'TRD000027','PF000009','6/06/2025',157,'FALSE','FALSE','FALSE','FALSE'),('TR_SYN_0000257','ORD00183','30/01/2025 0:57','COMP001','SELL',702,756.15,265.41,'TRD000016','PF000002','13/02/2025',44,'FALSE','FALSE','FALSE','FALSE'),('TR_SYN_0000258','ORD00232','10/06/2025 0:46','COMP008','BUY',285,1390.08,198.09,'TRD000023','PF000004','12/06/2025',163,'FALSE','FALSE','FALSE','FALSE'),('TR_SYN_0000259','ORD00386','10/04/2025 0:29','COMP007','BUY',220,581.24,63.94,'TRD000009','PF000002','5/06/2025',156,'FALSE','FALSE','FALSE','FALSE'),('TR_SYN_0000260','ORD00409','15/05/2025 0:19','COMP006','BUY',376,231.88,43.59,'TRD000008','PF000005','12/03/2025',71,'FALSE','FALSE','FALSE','FALSE'),('TR_SYN_0000261','ORD00209','12/06/2025 0:17','COMP003','SELL',974,2132.76,1038.65,'TRD000005','PF000007','11/03/2025',70,'FALSE','FALSE','FALSE','FALSE'),('TR_SYN_0000262','ORD00073','24/01/2025 0:39','COMP002','BUY',763,1244.49,474.77,'TRD000001','PF000002','17/03/2025',76,'FALSE','FALSE','FALSE','FALSE'),('TR_SYN_0000263','ORD00468','6/06/2025 0:27','COMP004','SELL',655,664.52,217.63,'TRD000006','PF000008','14/05/2025',134,'FALSE','FALSE','FALSE','FALSE'),('TR_SYN_0000264','ORD00019','8/04/2025 0:46','COMP006','BUY',983,237.82,116.89,'TRD000026','PF000002','4/06/2025',155,'FALSE','FALSE','FALSE','FALSE'),('TR_SYN_0000265','ORD00263','30/01/2025 0:12','COMP001','BUY',572,756.57,216.38,'TRD000005','PF000007','16/01/2025',16,'FALSE','FALSE','FALSE','FALSE'),('TR_SYN_0000266','ORD00297','13/01/2025 0:21','COMP003','SELL',88,1994.02,87.74,'TRD000027','PF000008','31/03/2025',90,'FALSE','FALSE','FALSE','FALSE'),('TR_SYN_0000267','ORD00151','17/02/2025 0:45','COMP006','SELL',812,232.48,94.39,'TRD000028','PF000010','7/03/2025',66,'FALSE','FALSE','FALSE','FALSE'),('TR_SYN_0000268','ORD00373','23/05/2025 0:49','COMP005','BUY',338,253.55,42.85,'TRD000003','PF000009','28/01/2025',28,'FALSE','FALSE','FALSE','FALSE'),('TR_SYN_0000269','ORD00434','30/06/2025 0:21','COMP007','SELL',100,583.85,29.19,'TRD000008','PF000009','22/04/2025',112,'FALSE','FALSE','FALSE','FALSE'),('TR_SYN_0000270','ORD00139','10/02/2025 0:44','COMP001','SELL',940,742.82,349.13,'TRD000001','PF000003','20/05/2025',140,'FALSE','FALSE','FALSE','FALSE'),('TR_SYN_0000271','ORD00099','14/04/2025 0:51','COMP007','BUY',954,569.99,271.89,'TRD000014','PF000005','7/02/2025',38,'FALSE','FALSE','FALSE','FALSE'),('TR_SYN_0000272','ORD00388','18/04/2025 0:59','COMP005','SELL',777,256.48,99.64,'TRD000005','PF000010','10/02/2025',41,'FALSE','FALSE','FALSE','FALSE'),('TR_SYN_0000273','ORD00407','21/02/2025 0:28','COMP007','BUY',608,544.01,165.38,'TRD000014','PF000008','19/05/2025',139,'FALSE','FALSE','FALSE','FALSE'),('TR_SYN_0000274','ORD00247','20/06/2025 0:58','COMP002','BUY',689,1297.44,446.97,'TRD000017','PF000008','14/01/2025',14,'FALSE','FALSE','FALSE','FALSE'),('TR_SYN_0000275','ORD00085','5/03/2025 0:13','COMP001','SELL',735,739.55,271.78,'TRD000006','PF000005','10/03/2025',69,'FALSE','FALSE','FALSE','FALSE'),('TR_SYN_0000276','ORD00012','1/05/2025 0:28','COMP002','BUY',386,1209.22,233.38,'TRD000004','PF000008','29/01/2025',29,'FALSE','FALSE','FALSE','FALSE'),('TR_SYN_0000277','ORD00256','29/01/2025 0:45','COMP004','BUY',67,608.52,20.39,'TRD000022','PF000007','30/05/2025',150,'FALSE','FALSE','FALSE','FALSE'),('TR_SYN_0000278','ORD00086','18/06/2025 0:46','COMP003','BUY',937,2139.87,1002.53,'TRD000027','PF000006','16/04/2025',106,'FALSE','FALSE','FALSE','FALSE'),('TR_SYN_0000279','ORD00032','12/03/2025 0:58','COMP008','SELL',782,1105.99,432.44,'TRD000003','PF000001','3/03/2025',62,'FALSE','FALSE','FALSE','FALSE'),('TR_SYN_0000280','ORD00271','30/01/2025 0:28','COMP005','SELL',880,234.26,103.07,'TRD000024','PF000009','18/04/2025',108,'FALSE','FALSE','FALSE','FALSE'),('TR_SYN_0000281','ORD00476','7/04/2025 0:49','COMP008','BUY',481,1220.02,293.41,'TRD000003','PF000001','17/06/2025',168,'FALSE','FALSE','FALSE','FALSE'),('TR_SYN_0000282','ORD00165','16/04/2025 0:48','COMP001','SELL',726,800.67,290.64,'TRD000026','PF000005','24/03/2025',83,'FALSE','FALSE','FALSE','FALSE'),('TR_SYN_0000283','ORD00190','27/06/2025 0:43','COMP003','BUY',699,2242.79,783.86,'TRD000029','PF000008','19/06/2025',170,'FALSE','FALSE','FALSE','FALSE'),('TR_SYN_0000284','ORD00308','14/04/2025 0:40','COMP006','SELL',289,246.71,35.65,'TRD000017','PF000001','29/04/2025',119,'FALSE','FALSE','FALSE','FALSE'),('TR_SYN_0000285','ORD00242','18/03/2025 0:39','COMP003','SELL',537,2174.57,583.87,'TRD000019','PF000006','14/02/2025',45,'FALSE','FALSE','FALSE','FALSE'),('TR_SYN_0000286','ORD00382','31/01/2025 0:48','COMP002','SELL',66,1187.55,39.19,'TRD000026','PF000005','21/05/2025',141,'FALSE','FALSE','FALSE','FALSE'),('TR_SYN_0000287','ORD00421','23/05/2025 0:34','COMP008','BUY',449,1416.58,318.02,'TRD000016','PF000010','30/01/2025',30,'FALSE','FALSE','FALSE','FALSE'),('TR_SYN_0000288','ORD00064','23/01/2025 0:46','COMP003','BUY',540,2044.13,551.92,'TRD000009','PF000002','5/03/2025',64,'FALSE','FALSE','FALSE','FALSE'),('TR_SYN_0000289','ORD00326','14/04/2025 0:57','COMP007','SELL',211,568.85,60.01,'TRD000023','PF000005','7/03/2025',66,'FALSE','FALSE','FALSE','FALSE'),('TR_SYN_0000290','ORD00084','22/04/2025 0:22','COMP004','SELL',16,645.04,5.16,'TRD000023','PF000001','18/06/2025',169,'FALSE','FALSE','FALSE','FALSE'),('TR_SYN_0000291','ORD00379','23/01/2025 0:01','COMP006','BUY',297,241.14,35.81,'TRD000014','PF000010','4/06/2025',155,'FALSE','FALSE','FALSE','FALSE'),('TR_SYN_0000292','ORD00465','3/01/2025 0:57','COMP006','BUY',989,241.25,119.3,'TRD000012','PF000003','2/04/2025',92,'FALSE','FALSE','FALSE','FALSE'),('TR_SYN_0000293','ORD00053','5/02/2025 0:26','COMP003','SELL',130,2172.57,141.22,'TRD000019','PF000009','27/02/2025',58,'FALSE','FALSE','FALSE','FALSE'),('TR_SYN_0000294','ORD00287','23/01/2025 0:14','COMP004','BUY',919,600.17,275.78,'TRD000025','PF000004','18/04/2025',108,'FALSE','FALSE','FALSE','FALSE'),('TR_SYN_0000295','ORD00455','4/02/2025 0:24','COMP007','SELL',196,512.34,50.21,'TRD000009','PF000006','6/06/2025',157,'FALSE','FALSE','FALSE','FALSE'),('TR_SYN_0000296','ORD00452','10/04/2025 0:14','COMP007','BUY',925,579.51,268.02,'TRD000002','PF000010','13/06/2025',164,'FALSE','FALSE','FALSE','FALSE'),('TR_SYN_0000297','ORD00439','19/05/2025 0:23','COMP005','SELL',244,246.11,30.03,'TRD000024','PF000006','24/06/2025',175,'FALSE','FALSE','FALSE','FALSE'),('TR_SYN_0000298','ORD00433','10/02/2025 0:05','COMP002','SELL',635,1217.55,386.57,'TRD000030','PF000005','27/02/2025',58,'FALSE','FALSE','FALSE','FALSE'),('TR_SYN_0000299','ORD00426','11/03/2025 0:30','COMP001','BUY',175,769.58,67.34,'TRD000008','PF000008','7/01/2025',7,'FALSE','FALSE','FALSE','FALSE'),('TR_SYN_0000300','ORD00186','24/01/2025 0:20','COMP006','BUY',448,238.27,53.37,'TRD000009','PF000001','10/06/2025',161,'FALSE','FALSE','FALSE','FALSE'),('TR_SYN_0000301','ORD00462','30/05/2025 0:24','COMP005','BUY',469,253.45,59.43,'TRD000015','PF000004','23/06/2025',174,'FALSE','FALSE','FALSE','FALSE'),('TR_SYN_0000302','ORD00102','21/01/2025 0:13','COMP006','BUY',220,242.98,26.73,'TRD000030','PF000005','17/03/2025',76,'FALSE','FALSE','FALSE','FALSE'),('TR_SYN_0000303','ORD00350','7/04/2025 0:50','COMP003','BUY',269,2198.21,295.66,'TRD000030','PF000003','5/03/2025',64,'FALSE','FALSE','FALSE','FALSE'),('TR_SYN_0000304','ORD00282','15/05/2025 0:07','COMP004','SELL',977,652.03,318.52,'TRD000001','PF000006','28/01/2025',28,'FALSE','FALSE','FALSE','FALSE'),('TR_SYN_0000305','ORD00060','3/04/2025 0:43','COMP006','BUY',405,235.81,47.75,'TRD000011','PF000002','10/03/2025',69,'FALSE','FALSE','FALSE','FALSE'),('TR_SYN_0000306','ORD00218','8/04/2025 0:27','COMP006','SELL',380,238.43,45.3,'TRD000001','PF000001','28/05/2025',148,'FALSE','FALSE','FALSE','FALSE'),('TR_SYN_0000307','ORD00189','3/02/2025 0:41','COMP007','BUY',879,507.95,223.24,'TRD000007','PF000003','26/02/2025',57,'FALSE','FALSE','FALSE','FALSE'),('TR_SYN_0000308','ORD00408','23/06/2025 0:02','COMP005','BUY',720,263.35,94.81,'TRD000005','PF000007','16/05/2025',136,'FALSE','FALSE','FALSE','FALSE'),('TR_SYN_0000309','ORD00462','11/06/2025 0:27','COMP008','SELL',614,1370.03,420.6,'TRD000022','PF000003','11/02/2025',42,'FALSE','FALSE','FALSE','FALSE'),('TR_SYN_0000310','ORD00366','20/05/2025 0:39','COMP008','SELL',270,1435.97,193.86,'TRD000006','PF000003','25/03/2025',84,'FALSE','FALSE','FALSE','FALSE'),('TR_SYN_0000311','ORD00253','9/01/2025 0:15','COMP003','BUY',648,1999.54,647.85,'TRD000023','PF000003','13/06/2025',164,'FALSE','FALSE','FALSE','FALSE'),('TR_SYN_0000312','ORD00282','30/05/2025 0:03','COMP001','SELL',121,763.61,46.2,'TRD000012','PF000008','23/05/2025',143,'FALSE','FALSE','FALSE','FALSE'),('TR_SYN_0000313','ORD00122','4/06/2025 0:57','COMP005','BUY',259,252.63,32.72,'TRD000013','PF000009','24/06/2025',175,'FALSE','FALSE','FALSE','FALSE'),('TR_SYN_0000314','ORD00009','13/01/2025 0:18','COMP001','BUY',313,766.38,119.94,'TRD000019','PF000007','4/03/2025',63,'FALSE','FALSE','FALSE','FALSE'),('TR_SYN_0000315','ORD00220','18/04/2025 0:00','COMP008','BUY',629,1348.43,424.08,'TRD000012','PF000003','25/06/2025',176,'FALSE','FALSE','FALSE','FALSE'),('TR_SYN_0000316','ORD00402','7/02/2025 0:22','COMP006','SELL',222,235.05,26.09,'TRD000009','PF000009','28/04/2025',118,'FALSE','FALSE','FALSE','FALSE'),('TR_SYN_0000317','ORD00233','11/02/2025 0:57','COMP008','SELL',31,1041.86,16.15,'TRD000008','PF000005','11/03/2025',70,'FALSE','FALSE','FALSE','FALSE'),('TR_SYN_0000318','ORD00375','2/01/2025 0:23','COMP002','BUY',722,1155.97,417.31,'TRD000018','PF000001','19/02/2025',50,'FALSE','FALSE','FALSE','FALSE'),('TR_SYN_0000319','ORD00047','21/05/2025 0:32','COMP006','BUY',767,239.91,92.01,'TRD000002','PF000004','6/02/2025',37,'FALSE','FALSE','FALSE','FALSE'),('TR_SYN_0000320','ORD00341','14/02/2025 0:31','COMP002','BUY',519,1251.47,324.76,'TRD000028','PF000006','28/05/2025',148,'FALSE','FALSE','FALSE','FALSE'),('TR_SYN_0000321','ORD00389','17/06/2025 0:14','COMP003','BUY',96,2154.6,103.42,'TRD000026','PF000003','17/03/2025',76,'FALSE','FALSE','FALSE','FALSE'),('TR_SYN_0000322','ORD00159','5/03/2025 0:00','COMP007','SELL',287,571.29,81.98,'TRD000023','PF000006','4/03/2025',63,'FALSE','FALSE','FALSE','FALSE'),('TR_SYN_0000323','ORD00275','17/03/2025 0:59','COMP004','BUY',430,646.72,139.04,'TRD000018','PF000002','7/03/2025',66,'FALSE','FALSE','FALSE','FALSE'),('TR_SYN_0000324','ORD00127','13/03/2025 0:31','COMP006','BUY',383,238.38,45.65,'TRD000010','PF000002','23/06/2025',174,'FALSE','FALSE','FALSE','FALSE'),('TR_SYN_0000325','ORD00065','29/04/2025 0:56','COMP002','SELL',206,1230.12,126.7,'TRD000017','PF000007','18/02/2025',49,'FALSE','FALSE','FALSE','FALSE'),('TR_SYN_0000326','ORD00390','14/01/2025 0:58','COMP007','SELL',978,496.46,242.77,'TRD000030','PF000002','13/06/2025',164,'FALSE','FALSE','FALSE','FALSE'),('TR_SYN_0000327','ORD00155','15/01/2025 0:17','COMP005','BUY',455,233.25,53.06,'TRD000005','PF000009','4/03/2025',63,'FALSE','FALSE','FALSE','FALSE'),('TR_SYN_0000328','ORD00006','18/02/2025 0:19','COMP005','SELL',854,232.55,99.3,'TRD000015','PF000004','3/03/2025',62,'FALSE','FALSE','FALSE','FALSE'),('TR_SYN_0000329','ORD00121','15/04/2025 0:38','COMP001','BUY',449,817.08,183.43,'TRD000008','PF000001','11/02/2025',42,'FALSE','FALSE','FALSE','FALSE'),('TR_SYN_0000330','ORD00301','27/03/2025 0:34','COMP001','BUY',249,757.69,94.33,'TRD000022','PF000002','26/02/2025',57,'FALSE','FALSE','FALSE','FALSE'),('TR_SYN_0000331','ORD00177','16/06/2025 0:02','COMP005','SELL',301,258.6,38.92,'TRD000009','PF000006','26/03/2025',85,'FALSE','FALSE','FALSE','FALSE'),('TR_SYN_0000332','ORD00131','14/02/2025 0:54','COMP001','BUY',285,732.48,104.38,'TRD000006','PF000006','17/04/2025',107,'FALSE','FALSE','FALSE','FALSE'),('TR_SYN_0000333','ORD00058','17/04/2025 0:04','COMP007','SELL',94,582.11,27.36,'TRD000027','PF000003','27/06/2025',178,'FALSE','FALSE','FALSE','FALSE'),('TR_SYN_0000334','ORD00008','10/06/2025 0:27','COMP008','BUY',108,1392.33,75.19,'TRD000020','PF000007','24/01/2025',24,'FALSE','FALSE','FALSE','FALSE'),('TR_SYN_0000335','ORD00431','20/02/2025 0:17','COMP004','BUY',128,627.71,40.17,'TRD000021','PF000010','28/03/2025',87,'FALSE','FALSE','FALSE','FALSE'),('TR_SYN_0000336','ORD00102','5/06/2025 0:50','COMP006','SELL',247,242.5,29.95,'TRD000020','PF000010','17/02/2025',48,'FALSE','FALSE','FALSE','FALSE'),('TR_SYN_0000337','ORD00114','20/06/2025 0:20','COMP007','SELL',263,603.33,79.34,'TRD000014','PF000008','15/05/2025',135,'FALSE','FALSE','FALSE','FALSE'),('TR_SYN_0000338','ORD00181','6/05/2025 0:45','COMP007','SELL',936,601.14,281.33,'TRD000028','PF000006','16/05/2025',136,'FALSE','FALSE','FALSE','FALSE'),('TR_SYN_0000339','ORD00449','14/05/2025 0:42','COMP002','BUY',866,1231.44,533.21,'TRD000030','PF000006','24/02/2025',55,'FALSE','FALSE','FALSE','FALSE'),('TR_SYN_0000340','ORD00222','27/03/2025 0:52','COMP001','BUY',974,756.7,368.51,'TRD000014','PF000010','4/04/2025',94,'FALSE','FALSE','FALSE','FALSE'),('TR_SYN_0000341','ORD00385','18/06/2025 0:35','COMP003','BUY',853,2146.52,915.49,'TRD000001','PF000004','24/02/2025',55,'FALSE','FALSE','FALSE','FALSE'),('TR_SYN_0000342','ORD00095','5/03/2025 0:25','COMP008','BUY',799,1063.53,424.88,'TRD000006','PF000005','21/05/2025',141,'FALSE','FALSE','FALSE','FALSE'),('TR_SYN_0000343','ORD00387','15/04/2025 0:46','COMP006','SELL',895,243.78,109.09,'TRD000012','PF000004','5/02/2025',36,'FALSE','FALSE','FALSE','FALSE'),('TR_SYN_0000344','ORD00006','27/03/2025 0:49','COMP007','SELL',32,578.16,9.25,'TRD000026','PF000006','31/01/2025',31,'FALSE','FALSE','FALSE','FALSE'),('TR_SYN_0000345','ORD00013','6/06/2025 0:29','COMP002','SELL',53,1185.76,31.42,'TRD000029','PF000001','26/02/2025',57,'FALSE','FALSE','FALSE','FALSE'),('TR_SYN_0000346','ORD00411','30/05/2025 0:43','COMP006','BUY',228,247.07,28.17,'TRD000015','PF000010','15/05/2025',135,'FALSE','FALSE','FALSE','FALSE'),('TR_SYN_0000347','ORD00312','15/01/2025 0:40','COMP002','SELL',879,1193.78,524.67,'TRD000010','PF000006','17/06/2025',168,'FALSE','FALSE','FALSE','FALSE'),('TR_SYN_0000348','ORD00015','25/02/2025 0:12','COMP006','SELL',796,233.49,92.93,'TRD000026','PF000002','20/03/2025',79,'FALSE','FALSE','FALSE','FALSE'),('TR_SYN_0000349','ORD00098','8/01/2025 0:30','COMP007','SELL',793,468.06,185.59,'TRD000017','PF000002','21/05/2025',141,'FALSE','FALSE','FALSE','FALSE'),('TR_SYN_0000350','ORD00416','9/04/2025 0:49','COMP007','SELL',887,570.15,252.86,'TRD000023','PF000005','17/03/2025',76,'FALSE','FALSE','FALSE','FALSE'),('TR_SYN_0000351','ORD00469','3/02/2025 0:03','COMP003','BUY',320,2103.85,336.62,'TRD000014','PF000004','18/06/2025',169,'FALSE','FALSE','FALSE','FALSE'),('TR_SYN_0000352','ORD00151','31/01/2025 0:05','COMP006','BUY',604,238.02,71.88,'TRD000028','PF000007','20/01/2025',20,'FALSE','FALSE','FALSE','FALSE'),('TR_SYN_0000353','ORD00259','27/06/2025 0:05','COMP007','SELL',711,585.7,208.22,'TRD000024','PF000004','1/01/2025',1,'FALSE','FALSE','FALSE','FALSE'),('TR_SYN_0000354','ORD00237','22/01/2025 0:23','COMP005','BUY',432,236.31,51.04,'TRD000028','PF000008','13/06/2025',164,'FALSE','FALSE','FALSE','FALSE'),('TR_SYN_0000355','ORD00408','22/05/2025 0:50','COMP002','SELL',913,1254.46,572.66,'TRD000008','PF000008','11/03/2025',70,'FALSE','FALSE','FALSE','FALSE'),('TR_SYN_0000356','ORD00379','23/05/2025 0:45','COMP004','BUY',988,666.38,329.19,'TRD000004','PF000004','23/05/2025',143,'FALSE','FALSE','FALSE','FALSE'),('TR_SYN_0000357','ORD00159','4/04/2025 0:01','COMP004','BUY',707,651.9,230.45,'TRD000025','PF000001','17/06/2025',168,'FALSE','FALSE','FALSE','FALSE'),('TR_SYN_0000358','ORD00207','10/06/2025 0:33','COMP002','SELL',783,1215.01,475.68,'TRD000014','PF000001','31/03/2025',90,'FALSE','FALSE','FALSE','FALSE'),('TR_SYN_0000359','ORD00254','21/05/2025 0:58','COMP007','SELL',349,596.24,104.04,'TRD000001','PF000008','16/06/2025',167,'FALSE','FALSE','FALSE','FALSE'),('TR_SYN_0000360','ORD00192','14/03/2025 0:55','COMP004','SELL',666,643.51,214.29,'TRD000014','PF000008','6/01/2025',6,'FALSE','FALSE','FALSE','FALSE'),('TR_SYN_0000361','ORD00133','6/01/2025 0:35','COMP004','SELL',685,605.7,207.45,'TRD000028','PF000007','2/05/2025',122,'FALSE','FALSE','FALSE','FALSE'),('TR_SYN_0000362','ORD00033','20/01/2025 0:38','COMP008','BUY',65,963.26,31.31,'TRD000013','PF000010','1/01/2025',1,'FALSE','FALSE','FALSE','FALSE'),('TR_SYN_0000363','ORD00144','27/01/2025 0:40','COMP002','SELL',362,1233.11,223.19,'TRD000004','PF000008','19/06/2025',170,'FALSE','FALSE','FALSE','FALSE'),('TR_SYN_0000364','ORD00181','18/06/2025 0:57','COMP007','BUY',393,620.23,121.88,'TRD000025','PF000005','26/03/2025',85,'FALSE','FALSE','FALSE','FALSE'),('TR_SYN_0000365','ORD00264','16/01/2025 0:54','COMP005','SELL',165,233.9,19.3,'TRD000015','PF000002','12/03/2025',71,'FALSE','FALSE','FALSE','FALSE'),('TR_SYN_0000366','ORD00496','18/06/2025 0:26','COMP002','BUY',747,1292.84,482.88,'TRD000029','PF000008','5/05/2025',125,'FALSE','FALSE','FALSE','FALSE'),('TR_SYN_0000367','ORD00428','31/01/2025 0:59','COMP005','SELL',164,230.11,18.87,'TRD000001','PF000006','2/06/2025',153,'FALSE','FALSE','FALSE','FALSE'),('TR_SYN_0000368','ORD00130','24/06/2025 0:26','COMP003','BUY',88,2151.34,94.66,'TRD000011','PF000009','31/01/2025',31,'FALSE','FALSE','FALSE','FALSE'),('TR_SYN_0000369','ORD00171','28/05/2025 0:08','COMP007','BUY',202,614.87,62.1,'TRD000023','PF000007','1/04/2025',91,'FALSE','FALSE','FALSE','FALSE'),('TR_SYN_0000370','ORD00218','19/02/2025 0:31','COMP007','SELL',573,544.72,156.06,'TRD000023','PF000007','18/04/2025',108,'FALSE','FALSE','FALSE','FALSE'),('TR_SYN_0000371','ORD00133','27/06/2025 0:44','COMP004','SELL',296,676.3,100.09,'TRD000013','PF000004','24/02/2025',55,'FALSE','FALSE','FALSE','FALSE'),('TR_SYN_0000372','ORD00021','3/04/2025 0:59','COMP001','BUY',65,828.99,26.94,'TRD000016','PF000007','31/03/2025',90,'FALSE','FALSE','FALSE','FALSE'),('TR_SYN_0000373','ORD00236','6/03/2025 0:38','COMP001','SELL',66,747,24.65,'TRD000002','PF000007','11/06/2025',162,'FALSE','FALSE','FALSE','FALSE'),('TR_SYN_0000374','ORD00365','12/05/2025 0:03','COMP006','SELL',819,225.61,92.39,'TRD000018','PF000001','14/03/2025',73,'FALSE','FALSE','FALSE','FALSE'),('TR_SYN_0000375','ORD00005','26/03/2025 0:48','COMP008','BUY',480,1276.74,306.42,'TRD000012','PF000010','9/05/2025',129,'FALSE','FALSE','FALSE','FALSE'),('TR_SYN_0000376','ORD00474','15/05/2025 0:51','COMP007','SELL',801,591.8,237.02,'TRD000024','PF000007','6/01/2025',6,'FALSE','FALSE','FALSE','FALSE'),('TR_SYN_0000377','ORD00405','3/02/2025 0:37','COMP002','SELL',726,1196.23,434.23,'TRD000019','PF000009','10/03/2025',69,'FALSE','FALSE','FALSE','FALSE'),('TR_SYN_0000378','ORD00118','28/02/2025 0:19','COMP002','SELL',550,1268.87,348.94,'TRD000008','PF000006','7/01/2025',7,'FALSE','FALSE','FALSE','FALSE'),('TR_SYN_0000379','ORD00015','27/02/2025 0:09','COMP008','SELL',871,1030.92,448.97,'TRD000011','PF000006','19/06/2025',170,'FALSE','FALSE','FALSE','FALSE'),('TR_SYN_0000380','ORD00450','23/04/2025 0:59','COMP006','SELL',679,244.76,83.1,'TRD000027','PF000010','21/01/2025',21,'FALSE','FALSE','FALSE','FALSE'),('TR_SYN_0000381','ORD00120','3/06/2025 0:11','COMP006','SELL',570,244.75,69.75,'TRD000001','PF000001','13/05/2025',133,'FALSE','FALSE','FALSE','FALSE'),('TR_SYN_0000382','ORD00006','28/05/2025 0:34','COMP002','BUY',308,1264.21,194.69,'TRD000019','PF000005','17/03/2025',76,'FALSE','FALSE','FALSE','FALSE'),('TR_SYN_0000383','ORD00256','9/01/2025 0:16','COMP005','BUY',473,227.37,53.77,'TRD000029','PF000001','17/03/2025',76,'FALSE','FALSE','FALSE','FALSE'),('TR_SYN_0000384','ORD00315','27/03/2025 0:28','COMP006','SELL',337,234.32,39.48,'TRD000008','PF000004','8/04/2025',98,'FALSE','FALSE','FALSE','FALSE'),('TR_SYN_0000385','ORD00428','24/04/2025 0:06','COMP006','SELL',372,243.86,45.36,'TRD000028','PF000007','29/05/2025',149,'FALSE','FALSE','FALSE','FALSE'),('TR_SYN_0000386','ORD00384','2/05/2025 0:18','COMP003','BUY',715,2114.22,755.83,'TRD000028','PF000009','24/06/2025',175,'FALSE','FALSE','FALSE','FALSE'),('TR_SYN_0000387','ORD00365','24/06/2025 0:20','COMP006','SELL',403,214.2,43.16,'TRD000016','PF000008','12/05/2025',132,'FALSE','FALSE','FALSE','FALSE'),('TR_SYN_0000388','ORD00240','16/06/2025 0:04','COMP008','SELL',171,1366.97,116.88,'TRD000026','PF000008','12/03/2025',71,'FALSE','FALSE','FALSE','FALSE'),('TR_SYN_0000389','ORD00429','8/04/2025 0:27','COMP002','BUY',814,1310.94,533.55,'TRD000004','PF000006','3/02/2025',34,'FALSE','FALSE','FALSE','FALSE'),('TR_SYN_0000390','ORD00026','10/01/2025 0:56','COMP007','SELL',675,480.54,162.18,'TRD000024','PF000006','7/02/2025',38,'FALSE','FALSE','FALSE','FALSE'),('TR_SYN_0000391','ORD00439','12/03/2025 0:59','COMP001','SELL',113,768.45,43.42,'TRD000016','PF000007','16/06/2025',167,'FALSE','FALSE','FALSE','FALSE'),('TR_SYN_0000392','ORD00459','26/03/2025 0:11','COMP004','BUY',925,629.06,290.94,'TRD000007','PF000009','27/05/2025',147,'FALSE','FALSE','FALSE','FALSE'),('TR_SYN_0000393','ORD00287','14/02/2025 0:49','COMP006','SELL',363,232.29,42.16,'TRD000003','PF000005','4/02/2025',35,'FALSE','FALSE','FALSE','FALSE'),('TR_SYN_0000394','ORD00409','7/02/2025 0:04','COMP002','SELL',744,1220.47,454.01,'TRD000014','PF000010','11/04/2025',101,'FALSE','FALSE','FALSE','FALSE'),('TR_SYN_0000395','ORD00394','7/02/2025 0:34','COMP006','SELL',819,235.23,96.33,'TRD000019','PF000002','24/03/2025',83,'FALSE','FALSE','FALSE','FALSE'),('TR_SYN_0000396','ORD00112','24/03/2025 0:43','COMP004','SELL',955,630.6,301.11,'TRD000001','PF000001','22/05/2025',142,'FALSE','FALSE','FALSE','FALSE'),('TR_SYN_0000397','ORD00280','20/02/2025 0:43','COMP004','SELL',906,627.3,284.17,'TRD000022','PF000009','13/01/2025',13,'FALSE','FALSE','FALSE','FALSE'),('TR_SYN_0000398','ORD00193','30/01/2025 0:45','COMP001','BUY',847,755.81,320.09,'TRD000028','PF000001','9/01/2025',9,'FALSE','FALSE','FALSE','FALSE'),('TR_SYN_0000399','ORD00340','1/01/2025 0:02','COMP001','SELL',766,798.76,305.93,'TRD000018','PF000007','14/03/2025',73,'FALSE','FALSE','FALSE','FALSE'),('TR_SYN_0000400','ORD00126','20/06/2025 0:07','COMP003','BUY',148,2172.35,160.75,'TRD000006','PF000001','9/01/2025',9,'FALSE','FALSE','FALSE','FALSE'),('TR_SYN_0000401','ORD00458','14/04/2025 0:53','COMP007','BUY',363,570.26,103.5,'TRD000022','PF000003','13/05/2025',133,'FALSE','FALSE','FALSE','FALSE'),('TR_SYN_0000402','ORD00182','23/05/2025 0:20','COMP001','SELL',154,804.74,61.96,'TRD000024','PF000005','25/04/2025',115,'FALSE','FALSE','FALSE','FALSE'),('TR_SYN_0000403','ORD00102','15/04/2025 0:20','COMP004','SELL',985,631.66,311.09,'TRD000012','PF000009','24/02/2025',55,'FALSE','FALSE','FALSE','FALSE'),('TR_SYN_0000404','ORD00428','31/01/2025 0:47','COMP005','BUY',56,230.29,6.45,'TRD000009','PF000010','10/01/2025',10,'FALSE','FALSE','FALSE','FALSE'),('TR_SYN_0000405','ORD00023','17/04/2025 0:39','COMP003','BUY',428,2190.75,468.82,'TRD000026','PF000007','24/06/2025',175,'FALSE','FALSE','FALSE','FALSE'),('TR_SYN_0000406','ORD00299','14/05/2025 0:06','COMP004','SELL',959,631.78,302.94,'TRD000013','PF000004','5/03/2025',64,'FALSE','FALSE','FALSE','FALSE'),('TR_SYN_0000407','ORD00062','14/04/2025 0:50','COMP007','BUY',448,570.12,127.71,'TRD000027','PF000009','23/01/2025',23,'FALSE','FALSE','FALSE','FALSE'),('TR_SYN_0000408','ORD00074','15/04/2025 0:54','COMP008','BUY',262,1316.42,172.45,'TRD000025','PF000009','14/02/2025',45,'FALSE','FALSE','FALSE','FALSE'),('TR_SYN_0000409','ORD00376','17/03/2025 0:40','COMP008','BUY',40,1172.33,23.45,'TRD000027','PF000004','9/04/2025',99,'FALSE','FALSE','FALSE','FALSE'),('TR_SYN_0000410','ORD00314','30/04/2025 0:38','COMP002','BUY',474,1223.29,289.92,'TRD000024','PF000006','19/03/2025',78,'FALSE','FALSE','FALSE','FALSE'),('TR_SYN_0000411','ORD00389','28/01/2025 0:10','COMP008','BUY',300,948.66,142.3,'TRD000020','PF000005','10/02/2025',41,'FALSE','FALSE','FALSE','FALSE'),('TR_SYN_0000412','ORD00261','12/05/2025 0:09','COMP006','BUY',949,225.31,106.91,'TRD000023','PF000006','4/04/2025',94,'FALSE','FALSE','FALSE','FALSE'),('TR_SYN_0000413','ORD00279','24/06/2025 0:54','COMP002','SELL',82,1285.5,52.71,'TRD000023','PF000005','12/03/2025',71,'FALSE','FALSE','FALSE','FALSE'),('TR_SYN_0000414','ORD00288','21/03/2025 0:58','COMP004','BUY',284,627.93,89.17,'TRD000014','PF000003','3/06/2025',154,'FALSE','FALSE','FALSE','FALSE'),('TR_SYN_0000415','ORD00230','2/04/2025 0:51','COMP004','SELL',787,647.63,254.84,'TRD000004','PF000001','30/05/2025',150,'FALSE','FALSE','FALSE','FALSE'),('TR_SYN_0000416','ORD00232','14/02/2025 0:24','COMP007','SELL',922,540.99,249.4,'TRD000016','PF000003','10/04/2025',100,'FALSE','FALSE','FALSE','FALSE'),('TR_SYN_0000417','ORD00410','5/06/2025 0:40','COMP004','BUY',665,662.23,220.19,'TRD000011','PF000007','22/04/2025',112,'FALSE','FALSE','FALSE','FALSE'),('TR_SYN_0000418','ORD00468','24/03/2025 0:19','COMP001','SELL',186,764.27,71.08,'TRD000029','PF000008','25/06/2025',176,'FALSE','FALSE','FALSE','FALSE'),('TR_SYN_0000419','ORD00420','11/02/2025 0:30','COMP004','SELL',964,617.91,297.83,'TRD000027','PF000009','25/04/2025',115,'FALSE','FALSE','FALSE','FALSE'),('TR_SYN_0000420','ORD00349','15/04/2025 0:53','COMP007','SELL',166,567.43,47.1,'TRD000006','PF000002','1/05/2025',121,'FALSE','FALSE','FALSE','FALSE'),('TR_SYN_0000421','ORD00213','2/04/2025 0:33','COMP005','BUY',671,246.87,82.82,'TRD000015','PF000005','25/03/2025',84,'FALSE','FALSE','FALSE','FALSE'),('TR_SYN_0000422','ORD00038','26/03/2025 0:36','COMP008','BUY',866,1276.9,552.9,'TRD000011','PF000001','6/06/2025',157,'FALSE','FALSE','FALSE','FALSE'),('TR_SYN_0000423','ORD00318','22/05/2025 0:32','COMP002','BUY',319,1251.2,199.57,'TRD000011','PF000003','9/06/2025',160,'FALSE','FALSE','FALSE','FALSE'),('TR_SYN_0000424','ORD00363','1/04/2025 0:47','COMP005','BUY',740,246.36,91.15,'TRD000003','PF000002','28/04/2025',118,'FALSE','FALSE','FALSE','FALSE'),('TR_SYN_0000425','ORD00203','20/03/2025 0:47','COMP002','SELL',385,1298.26,249.92,'TRD000022','PF000006','19/05/2025',139,'FALSE','FALSE','FALSE','FALSE'),('TR_SYN_0000426','ORD00443','19/06/2025 0:44','COMP002','BUY',50,1303.21,32.58,'TRD000003','PF000010','30/01/2025',30,'FALSE','FALSE','FALSE','FALSE'),('TR_SYN_0000427','ORD00224','12/03/2025 0:16','COMP006','BUY',841,237.7,99.95,'TRD000003','PF000008','10/03/2025',69,'FALSE','FALSE','FALSE','FALSE'),('TR_SYN_0000428','ORD00497','3/03/2025 0:47','COMP007','SELL',631,567.98,179.2,'TRD000024','PF000002','4/06/2025',155,'FALSE','FALSE','FALSE','FALSE'),('TR_SYN_0000429','ORD00300','20/05/2025 0:23','COMP005','BUY',157,250.05,19.63,'TRD000023','PF000009','4/04/2025',94,'FALSE','FALSE','FALSE','FALSE'),('TR_SYN_0000430','ORD00292','28/04/2025 0:38','COMP007','BUY',546,599.62,163.7,'TRD000027','PF000002','4/02/2025',35,'FALSE','FALSE','FALSE','FALSE'),('TR_SYN_0000431','ORD00208','11/03/2025 0:04','COMP007','BUY',711,561.36,199.56,'TRD000002','PF000002','17/04/2025',107,'FALSE','FALSE','FALSE','FALSE'),('TR_SYN_0000432','ORD00438','10/04/2025 0:07','COMP002','SELL',846,1332.2,563.52,'TRD000009','PF000006','29/01/2025',29,'FALSE','FALSE','FALSE','FALSE'),('TR_SYN_0000433','ORD00323','12/05/2025 0:19','COMP004','BUY',443,646.51,143.2,'TRD000020','PF000006','18/03/2025',77,'FALSE','FALSE','FALSE','FALSE'),('TR_SYN_0000434','ORD00252','20/01/2025 0:35','COMP004','SELL',230,600.99,69.11,'TRD000009','PF000003','30/06/2025',181,'FALSE','FALSE','FALSE','FALSE'),('TR_SYN_0000435','ORD00432','19/05/2025 0:01','COMP001','SELL',736,818.2,301.1,'TRD000007','PF000008','1/01/2025',1,'FALSE','FALSE','FALSE','FALSE'),('TR_SYN_0000436','ORD00106','27/06/2025 0:37','COMP003','SELL',584,2239.9,654.05,'TRD000017','PF000010','21/02/2025',52,'FALSE','FALSE','FALSE','FALSE'),('TR_SYN_0000437','ORD00252','11/06/2025 0:19','COMP005','SELL',728,256.85,93.49,'TRD000009','PF000008','20/03/2025',79,'FALSE','FALSE','FALSE','FALSE'),('TR_SYN_0000438','ORD00114','26/02/2025 0:44','COMP001','SELL',420,775.37,162.83,'TRD000003','PF000005','12/05/2025',132,'FALSE','FALSE','FALSE','FALSE'),('TR_SYN_0000439','ORD00002','28/03/2025 0:01','COMP002','BUY',238,1278.14,152.1,'TRD000017','PF000002','4/03/2025',63,'FALSE','FALSE','FALSE','FALSE'),('TR_SYN_0000440','ORD00135','28/01/2025 0:47','COMP001','SELL',344,761.06,130.9,'TRD000008','PF000003','18/03/2025',77,'FALSE','FALSE','FALSE','FALSE'),('TR_SYN_0000441','ORD00329','24/02/2025 0:31','COMP005','SELL',677,231.43,78.34,'TRD000028','PF000008','17/06/2025',168,'FALSE','FALSE','FALSE','FALSE'),('TR_SYN_0000442','ORD00432','28/05/2025 0:26','COMP008','SELL',390,1446.06,281.98,'TRD000012','PF000001','13/06/2025',164,'FALSE','FALSE','FALSE','FALSE'),('TR_SYN_0000443','ORD00246','22/01/2025 0:59','COMP001','BUY',287,732.76,105.15,'TRD000020','PF000002','13/03/2025',72,'FALSE','FALSE','FALSE','FALSE'),('TR_SYN_0000444','ORD00178','23/05/2025 0:34','COMP001','SELL',928,801.23,371.77,'TRD000028','PF000006','6/06/2025',157,'FALSE','FALSE','FALSE','FALSE'),('TR_SYN_0000445','ORD00186','12/02/2025 0:43','COMP007','SELL',848,540.3,229.09,'TRD000029','PF000001','11/06/2025',162,'FALSE','FALSE','FALSE','FALSE'),('TR_SYN_0000446','ORD00158','21/01/2025 0:01','COMP006','BUY',897,243,108.99,'TRD000028','PF000002','18/06/2025',169,'FALSE','FALSE','FALSE','FALSE'),('TR_SYN_0000447','ORD00294','25/04/2025 0:29','COMP003','SELL',234,2123.24,248.42,'TRD000012','PF000002','6/05/2025',126,'FALSE','FALSE','FALSE','FALSE'),('TR_SYN_0000448','ORD00104','11/04/2025 0:05','COMP004','SELL',878,625.25,274.48,'TRD000001','PF000003','14/02/2025',45,'FALSE','FALSE','FALSE','FALSE'),('TR_SYN_0000449','ORD00492','11/04/2025 0:12','COMP008','BUY',644,1284.57,413.63,'TRD000025','PF000001','6/05/2025',126,'FALSE','FALSE','FALSE','FALSE'),('TR_SYN_0000450','ORD00088','12/03/2025 0:10','COMP007','SELL',796,573.8,228.37,'TRD000027','PF000010','6/02/2025',37,'FALSE','FALSE','FALSE','FALSE'),('TR_SYN_0000451','ORD00180','17/06/2025 0:58','COMP008','BUY',91,1372.73,62.46,'TRD000024','PF000003','31/03/2025',90,'FALSE','FALSE','FALSE','FALSE'),('TR_SYN_0000452','ORD00133','14/04/2025 0:57','COMP002','SELL',418,1300.2,271.74,'TRD000005','PF000008','16/06/2025',167,'FALSE','FALSE','FALSE','FALSE'),('TR_SYN_0000453','ORD00109','5/02/2025 0:55','COMP008','SELL',721,1041.88,375.6,'TRD000009','PF000002','11/06/2025',162,'FALSE','FALSE','FALSE','FALSE'),('TR_SYN_0000454','ORD00034','12/03/2025 0:13','COMP002','SELL',280,1317.94,184.51,'TRD000019','PF000001','16/06/2025',167,'FALSE','FALSE','FALSE','FALSE'),('TR_SYN_0000455','ORD00147','23/05/2025 0:17','COMP001','BUY',659,803.32,264.69,'TRD000019','PF000008','31/01/2025',31,'FALSE','FALSE','FALSE','FALSE'),('TR_SYN_0000456','ORD00233','31/01/2025 0:54','COMP001','BUY',569,751.4,213.77,'TRD000025','PF000001','22/05/2025',142,'FALSE','FALSE','FALSE','FALSE'),('TR_SYN_0000457','ORD00106','7/04/2025 0:02','COMP002','BUY',834,1312.35,547.25,'TRD000005','PF000004','2/05/2025',122,'FALSE','FALSE','FALSE','FALSE'),('TR_SYN_0000458','ORD00425','3/02/2025 0:36','COMP001','BUY',230,760.25,87.43,'TRD000026','PF000004','7/02/2025',38,'FALSE','FALSE','FALSE','FALSE'),('TR_SYN_0000459','ORD00410','9/05/2025 0:52','COMP003','SELL',624,2227.75,695.06,'TRD000010','PF000002','25/04/2025',115,'FALSE','FALSE','FALSE','FALSE'),('TR_SYN_0000460','ORD00105','20/01/2025 0:21','COMP006','BUY',451,243.63,54.94,'TRD000028','PF000006','10/02/2025',41,'FALSE','FALSE','FALSE','FALSE'),('TR_SYN_0000461','ORD00028','7/05/2025 0:02','COMP005','BUY',176,257.84,22.69,'TRD000015','PF000005','14/01/2025',14,'FALSE','FALSE','FALSE','FALSE'),('TR_SYN_0000462','ORD00492','3/06/2025 0:58','COMP007','BUY',991,615.47,304.97,'TRD000029','PF000005','30/06/2025',181,'FALSE','FALSE','FALSE','FALSE'),('TR_SYN_0000463','ORD00009','29/01/2025 0:50','COMP005','SELL',150,236.99,17.77,'TRD000015','PF000007','29/05/2025',149,'FALSE','FALSE','FALSE','FALSE'),('TR_SYN_0000464','ORD00233','20/02/2025 0:02','COMP008','SELL',696,1058.01,368.19,'TRD000019','PF000006','9/05/2025',129,'FALSE','FALSE','FALSE','FALSE'),('TR_SYN_0000465','ORD00473','13/02/2025 0:42','COMP006','SELL',235,231.88,27.25,'TRD000028','PF000008','15/05/2025',135,'FALSE','FALSE','FALSE','FALSE'),('TR_SYN_0000466','ORD00278','21/02/2025 0:25','COMP002','SELL',34,1231.9,20.94,'TRD000003','PF000007','12/06/2025',163,'FALSE','FALSE','FALSE','FALSE'),('TR_SYN_0000467','ORD00062','26/02/2025 0:44','COMP008','SELL',167,1061.79,88.66,'TRD000026','PF000007','16/04/2025',106,'FALSE','FALSE','FALSE','FALSE'),('TR_SYN_0000468','ORD00484','10/03/2025 0:14','COMP002','BUY',668,1290.59,431.06,'TRD000026','PF000003','16/05/2025',136,'FALSE','FALSE','FALSE','FALSE'),('TR_SYN_0000469','ORD00107','3/06/2025 0:27','COMP007','BUY',429,614.58,131.83,'TRD000003','PF000002','28/01/2025',28,'FALSE','FALSE','FALSE','FALSE'),('TR_SYN_0000470','ORD00119','20/02/2025 0:56','COMP007','SELL',55,551.13,15.16,'TRD000003','PF000006','5/05/2025',125,'FALSE','FALSE','FALSE','FALSE'),('TR_SYN_0000471','ORD00071','24/06/2025 0:57','COMP006','SELL',713,215.63,76.87,'TRD000005','PF000006','22/05/2025',142,'FALSE','FALSE','FALSE','FALSE'),('TR_SYN_0000472','ORD00264','26/03/2025 0:08','COMP003','BUY',792,2162.29,856.27,'TRD000016','PF000005','2/01/2025',2,'FALSE','FALSE','FALSE','FALSE'),('TR_SYN_0000473','ORD00234','16/01/2025 0:49','COMP008','SELL',823,974.03,400.81,'TRD000012','PF000007','24/01/2025',24,'FALSE','FALSE','FALSE','FALSE'),('TR_SYN_0000474','ORD00236','22/04/2025 0:54','COMP006','SELL',656,246.17,80.74,'TRD000025','PF000004','3/04/2025',93,'FALSE','FALSE','FALSE','FALSE'),('TR_SYN_0000475','ORD00160','19/02/2025 0:24','COMP005','BUY',959,234.02,112.21,'TRD000021','PF000005','7/03/2025',66,'FALSE','FALSE','FALSE','FALSE'),('TR_SYN_0000476','ORD00337','12/06/2025 0:32','COMP004','SELL',564,684.35,192.99,'TRD000014','PF000003','14/05/2025',134,'FALSE','FALSE','FALSE','FALSE'),('TR_SYN_0000477','ORD00401','22/04/2025 0:48','COMP004','SELL',345,644.21,111.13,'TRD000007','PF000010','17/01/2025',17,'FALSE','FALSE','FALSE','FALSE'),('TR_SYN_0000478','ORD00360','2/04/2025 0:16','COMP007','SELL',922,582.94,268.74,'TRD000005','PF000003','11/03/2025',70,'FALSE','FALSE','FALSE','FALSE'),('TR_SYN_0000479','ORD00410','20/06/2025 0:08','COMP002','SELL',11,1301.26,7.16,'TRD000009','PF000008','4/02/2025',35,'FALSE','FALSE','FALSE','FALSE'),('TR_SYN_0000480','ORD00482','27/01/2025 0:09','COMP004','BUY',16,601.22,4.81,'TRD000001','PF000004','4/02/2025',35,'FALSE','FALSE','FALSE','FALSE'),('TR_SYN_0000481','ORD00157','12/02/2025 0:11','COMP004','SELL',810,617.55,250.11,'TRD000020','PF000004','28/01/2025',28,'FALSE','FALSE','FALSE','FALSE'),('TR_SYN_0000482','ORD00310','27/01/2025 0:38','COMP008','BUY',858,979.96,420.4,'TRD000029','PF000005','26/02/2025',57,'FALSE','FALSE','FALSE','FALSE'),('TR_SYN_0000483','ORD00145','23/04/2025 0:56','COMP005','SELL',616,265.17,81.67,'TRD000025','PF000005','26/02/2025',57,'FALSE','FALSE','FALSE','FALSE'),('TR_SYN_0000484','ORD00191','20/03/2025 0:04','COMP001','SELL',666,766.69,255.31,'TRD000029','PF000010','15/05/2025',135,'FALSE','FALSE','FALSE','FALSE'),('TR_SYN_0000485','ORD00354','29/01/2025 0:50','COMP008','SELL',61,973.26,29.68,'TRD000009','PF000009','11/06/2025',162,'FALSE','FALSE','FALSE','FALSE'),('TR_SYN_0000486','ORD00331','4/04/2025 0:02','COMP008','BUY',515,1214.01,312.61,'TRD000013','PF000005','8/01/2025',8,'FALSE','FALSE','FALSE','FALSE'),('TR_SYN_0000487','ORD00102','30/05/2025 0:07','COMP002','SELL',972,1271.2,617.8,'TRD000016','PF000006','25/02/2025',56,'FALSE','FALSE','FALSE','FALSE'),('TR_SYN_0000488','ORD00134','3/04/2025 0:05','COMP006','SELL',814,235.57,95.88,'TRD000020','PF000009','22/04/2025',112,'FALSE','FALSE','FALSE','FALSE'),('TR_SYN_0000489','ORD00460','19/06/2025 0:52','COMP002','SELL',867,1306.9,566.54,'TRD000027','PF000001','7/02/2025',38,'FALSE','FALSE','FALSE','FALSE'),('TR_SYN_0000490','ORD00285','5/02/2025 0:16','COMP002','BUY',50,1203.05,30.08,'TRD000018','PF000008','23/05/2025',143,'FALSE','FALSE','FALSE','FALSE'),('TR_SYN_0000491','ORD00327','25/03/2025 0:24','COMP008','SELL',460,1285.65,295.7,'TRD000015','PF000003','27/03/2025',86,'FALSE','FALSE','FALSE','FALSE'),('TR_SYN_0000492','ORD00235','3/03/2025 0:20','COMP004','BUY',153,668.65,51.15,'TRD000030','PF000004','9/06/2025',160,'FALSE','FALSE','FALSE','FALSE'),('TR_SYN_0000493','ORD00125','22/05/2025 0:33','COMP002','BUY',432,1252.39,270.52,'TRD000008','PF000009','7/01/2025',7,'FALSE','FALSE','FALSE','FALSE'),('TR_SYN_0000494','ORD00337','14/04/2025 0:34','COMP004','SELL',562,621.7,174.7,'TRD000029','PF000008','22/04/2025',112,'FALSE','FALSE','FALSE','FALSE'),('TR_SYN_0000495','ORD00012','1/05/2025 0:40','COMP008','BUY',630,1384.02,435.97,'TRD000012','PF000005','25/03/2025',84,'FALSE','FALSE','FALSE','FALSE'),('TR_SYN_0000496','ORD00138','11/02/2025 0:08','COMP008','BUY',965,1038.82,501.23,'TRD000004','PF000001','6/02/2025',37,'FALSE','FALSE','FALSE','FALSE'),('TR_SYN_0000497','ORD00207','18/06/2025 0:57','COMP003','SELL',206,2139.5,220.37,'TRD000001','PF000007','12/03/2025',71,'FALSE','FALSE','FALSE','FALSE'),('TR_SYN_0000498','ORD00137','28/01/2025 0:25','COMP003','BUY',537,2151.25,577.61,'TRD000002','PF000008','5/03/2025',64,'FALSE','FALSE','FALSE','FALSE'),('TR_SYN_0000499','ORD00058','27/02/2025 0:10','COMP001','SELL',21,771.17,8.1,'TRD000004','PF000004','14/05/2025',134,'FALSE','FALSE','FALSE','FALSE'),('TR_SYN_0000500','ORD00463','18/04/2025 0:58','COMP005','BUY',902,256.23,115.56,'TRD000025','PF000006','2/05/2025',122,'FALSE','FALSE','FALSE','FALSE');
/*!40000 ALTER TABLE `facts_trades` ENABLE KEYS */;
UNLOCK TABLES;

--
-- Table structure for table `facts_trades_pnl`
--

DROP TABLE IF EXISTS `facts_trades_pnl`;
/*!40101 SET @saved_cs_client     = @@character_set_client */;
/*!50503 SET character_set_client = utf8mb4 */;
CREATE TABLE `facts_trades_pnl` (
  `﻿portfolio_id` text,
  `company_id` text,
  `sell_trade_id` text,
  `trader_id` text,
  `sell_date` text,
  `calendar_id` int DEFAULT NULL,
  `sell_price` double DEFAULT NULL,
  `quantity_sold` int DEFAULT NULL,
  `gross_sell_amount` double DEFAULT NULL,
  `gross_buy_amount` double DEFAULT NULL,
  `allocated_buy_fees` double DEFAULT NULL,
  `allocated_sell_fees` double DEFAULT NULL,
  `total_fees_allocated` double DEFAULT NULL,
  `avg_buy_price` double DEFAULT NULL,
  `total_cost_basis` double DEFAULT NULL,
  `realized_profit` double DEFAULT NULL,
  `return_pct` double DEFAULT NULL,
  `win_flag` int DEFAULT NULL
) ENGINE=InnoDB DEFAULT CHARSET=utf8mb4 COLLATE=utf8mb4_0900_ai_ci;
/*!40101 SET character_set_client = @saved_cs_client */;

--
-- Dumping data for table `facts_trades_pnl`
--

LOCK TABLES `facts_trades_pnl` WRITE;
/*!40000 ALTER TABLE `facts_trades_pnl` DISABLE KEYS */;
INSERT INTO `facts_trades_pnl` VALUES ('PF000001','COMP001','TR_SYN_0000249','TRD000004','20/01/2025',20,754.85,121,91336.85,91453.01,45.72714286,45.67,91.39714286,756.1879103,91498.73714,-207.5571429,-0.002268415,0),('PF000001','COMP001','TR_SYN_0000196','TRD000025','10/03/2025',69,821.15,472,387582.8,356742.32,178.3736482,193.79,372.1636482,756.1879103,356920.6936,30468.31635,0.085364387,1),('PF000001','COMP001','TR_SYN_0000163','TRD000007','24/06/2025',175,814.88,923,752134.24,701230.34,350.6122157,376.07,726.6822157,760.109374,701580.9522,50177.21778,0.071520211,1),('PF000001','COMP002','TR_SYN_0000454','TRD000019','16/06/2025',167,1317.94,280,369023.2,323671.6,161.8376731,184.51,346.3476731,1156.547992,323833.4377,45005.25233,0.138976545,1),('PF000001','COMP002','TR_SYN_0000210','TRD000010','17/01/2025',17,1336.02,298,398133.96,344479.06,172.2415235,199.07,371.3115235,1156.547992,344651.3015,53283.58848,0.154601443,1),('PF000001','COMP002','TR_SYN_0000345','TRD000029','26/02/2025',57,1185.76,53,62845.28,61266.41,30.63355956,31.42,62.05355956,1156.547992,61297.04356,1516.81644,0.024745344,1),('PF000001','COMP002','TR_SYN_0000358','TRD000014','31/03/2025',90,1215.01,783,951352.83,287767.37,143.8872438,475.68,619.5672438,367.7027551,287911.2572,662965.8928,2.302674439,1),('PF000001','COMP002','TR_SYN_0000489','TRD000027','7/02/2025',38,1306.9,867,1133082.3,0,0,566.54,566.54,0,0,1132515.76,0,1),('PF000001','COMP003','TR_SYN_0000017','TRD000028','18/03/2025',77,2239.99,213,477117.87,443354.37,221.6802909,238.56,460.2402909,2082.516668,443576.0503,33303.25971,0.07507903,1),('PF000001','COMP004','TR_SYN_0000216','TRD000003','27/02/2025',58,608.29,903,549285.87,0,0,274.64,274.64,0,0,549011.23,0,1),('PF000001','COMP004','TR_SYN_0000396','TRD000001','22/05/2025',142,630.6,955,602223,0,0,301.11,301.11,0,0,601921.89,0,1),('PF000001','COMP004','TR_SYN_0000415','TRD000004','30/05/2025',150,647.63,787,509684.81,0,0,254.84,254.84,0,0,509429.97,0,1),('PF000001','COMP004','TR_SYN_0000103','TRD000007','24/04/2025',114,639.54,307,196338.78,200133.3,100.0681047,98.17,198.2381047,652.2259547,200233.3681,-3992.758105,-0.019940523,0),('PF000001','COMP004','TR_SYN_0000290','TRD000023','18/06/2025',169,645.04,16,10320.64,10430.4,5.215275813,5.16,10.37527581,652.2259547,10435.61528,-120.1352758,-0.011512045,0),('PF000001','COMP005','TR_SYN_0000080','TRD000001','19/05/2025',139,226.98,551,125065.98,0,0,62.53,62.53,0,0,125003.45,0,1),('PF000001','COMP006','TR_SYN_0000238','TRD000011','14/02/2025',45,238.22,507,120777.54,106744.96,53.37,60.39,113.76,210.6475937,106798.33,13918.82,0.130328068,1),('PF000001','COMP006','TR_SYN_0000306','TRD000001','28/05/2025',148,238.43,380,90603.4,89383.6,44.69357798,45.3,89.99357798,235.3376147,89428.29358,1129.806422,0.012633657,1),('PF000001','COMP006','TR_SYN_0000284','TRD000017','29/04/2025',119,246.71,289,71299.19,38811.3,19.40642202,35.65,55.05642202,134.362306,38830.70642,32432.83358,0.835236764,1),('PF000001','COMP006','TR_SYN_0000374','TRD000018','14/03/2025',73,225.61,819,184774.59,0,0,92.39,92.39,0,0,184682.2,0,1),('PF000001','COMP006','TR_SYN_0000381','TRD000001','13/05/2025',133,244.75,570,139507.5,0,0,69.75,69.75,0,0,139437.75,0,1),('PF000001','COMP007','TR_SYN_0000179','TRD000010','24/01/2025',24,495.01,104,51481.04,46849.92,23.42414861,25.74,49.16414861,450.7052322,46873.34415,4581.955851,0.097751845,1),('PF000001','COMP007','TR_SYN_0000445','TRD000029','11/06/2025',162,540.3,848,458174.4,98655.12,49.32585139,229.09,278.4158514,116.3967522,98704.44585,359240.8641,3.639561127,1),('PF000001','COMP007','TR_SYN_0000077','TRD000005','9/06/2025',160,602.63,880,530314.4,495276.66,247.63,265.16,512.79,563.0957841,495524.29,34524.95,0.069673577,1),('PF000001','COMP008','TR_SYN_0000279','TRD000003','3/03/2025',62,1105.99,782,864884.18,812357.24,406.1780933,432.44,838.6180933,1039.339409,812763.4181,51688.32191,0.063595778,1),('PF000001','COMP008','TR_SYN_0000442','TRD000012','13/06/2025',164,1446.06,390,563963.4,441860.55,220.9305211,281.98,502.9105211,1133.542258,442081.4805,121599.9395,0.275062279,1),('PF000002','COMP001','TR_SYN_0000034','TRD000029','16/01/2025',16,727.77,560,407551.2,210302.12,105.15,203.78,308.93,375.7272679,210407.27,196940.15,0.935994987,1),('PF000002','COMP001','TR_SYN_0000257','TRD000016','13/02/2025',44,756.15,702,530817.3,0,0,265.41,265.41,0,0,530551.89,0,1),('PF000002','COMP001','TR_SYN_0000170','TRD000017','17/06/2025',168,756.52,863,652876.76,420912.75,210.46,326.44,536.9,487.9759096,421123.21,231427.11,0.549547269,1),('PF000002','COMP001','TR_SYN_0000079','TRD000007','16/05/2025',136,783.17,225,176213.25,176541.75,88.27244582,88.11,176.3824458,785.022322,176630.0224,-504.8824458,-0.002858418,0),('PF000002','COMP002','TR_SYN_0000053','TRD000027','24/06/2025',175,1285.55,859,1104287.45,1072247.31,536.1212605,552.14,1088.261261,1248.874774,1072783.431,30951.87874,0.028851936,1),('PF000002','COMP003','TR_SYN_0000166','TRD000010','4/02/2025',35,1961.49,176,345222.24,0,0,172.61,172.61,0,0,345049.63,0,1),('PF000002','COMP003','TR_SYN_0000250','TRD000008','8/04/2025',98,2196.27,936,2055708.72,1103830.2,551.92,1027.85,1579.77,1179.895427,1104382.12,950298.75,0.860480021,1),('PF000002','COMP003','TR_SYN_0000447','TRD000012','6/05/2025',126,2123.24,234,496838.16,0,0,248.42,248.42,0,0,496589.74,0,1),('PF000002','COMP003','TR_SYN_0000459','TRD000010','25/04/2025',115,2227.75,624,1390116,975998.34,488,695.06,1183.06,1564.881955,976486.34,412934.6,0.42287801,1),('PF000002','COMP003','TR_SYN_0000128','TRD000015','20/05/2025',140,2159.05,473,1021230.65,0,0,510.62,510.62,0,0,1020720.03,0,1),('PF000002','COMP004','TR_SYN_0000193','TRD000022','15/05/2025',135,642.07,603,387168.21,0,0,193.58,193.58,0,0,386974.63,0,1),('PF000002','COMP005','TR_SYN_0000365','TRD000015','12/03/2025',71,233.9,165,38593.5,0,0,19.3,19.3,0,0,38574.2,0,1),('PF000002','COMP006','TR_SYN_0000206','TRD000014','19/02/2025',50,239.25,739,176805.75,0,0,88.4,88.4,0,0,176717.35,0,1),('PF000002','COMP006','TR_SYN_0000395','TRD000019','24/03/2025',83,235.23,819,192653.37,199017,99.5126087,96.33,195.8426087,243.121505,199116.5126,-6559.472609,-0.032942886,0),('PF000002','COMP006','TR_SYN_0000348','TRD000026','20/03/2025',79,233.49,796,185858.04,92445.22,46.2273913,92.93,139.1573913,116.1952857,92491.44739,93273.66261,1.008457163,1),('PF000002','COMP006','TR_SYN_0000167','TRD000003','2/04/2025',92,227.17,570,129486.9,135396.01,67.69753086,64.74,132.4375309,237.6556272,135463.7075,-6041.547531,-0.044599012,0),('PF000002','COMP007','TR_SYN_0000349','TRD000017','21/05/2025',141,468.06,793,371171.58,0,0,185.59,185.59,0,0,370985.99,0,1),('PF000002','COMP007','TR_SYN_0000326','TRD000030','13/06/2025',164,496.46,978,485537.88,0,0,242.77,242.77,0,0,485295.11,0,1),('PF000002','COMP007','TR_SYN_0000428','TRD000024','4/06/2025',155,567.98,631,358395.38,305170.53,152.5872727,179.2,331.7872727,483.8718182,305323.1173,52893.06273,0.173236351,1),('PF000002','COMP007','TR_SYN_0000420','TRD000006','1/05/2025',121,567.43,166,94193.38,81708.72,40.85472727,47.1,87.95472727,492.4673176,81749.57473,12396.70527,0.151642444,1),('PF000002','COMP008','TR_SYN_0000453','TRD000009','11/06/2025',162,1041.88,721,751195.48,0,0,375.6,375.6,0,0,750819.88,0,1),('PF000003','COMP001','TR_SYN_0000440','TRD000008','18/03/2025',77,761.06,344,261804.64,0,0,130.9,130.9,0,0,261673.74,0,1),('PF000003','COMP001','TR_SYN_0000270','TRD000001','20/05/2025',140,742.82,940,698250.8,0,0,349.13,349.13,0,0,697901.67,0,1),('PF000003','COMP002','TR_SYN_0000107','TRD000001','12/03/2025',71,1302.05,949,1235645.45,862114.12,431.06,617.82,1048.88,908.8990306,862545.18,372482.45,0.431841089,1),('PF000003','COMP002','TR_SYN_0000120','TRD000021','28/02/2025',59,1232.26,898,1106569.48,0,0,553.28,553.28,0,0,1106016.2,0,1),('PF000003','COMP004','TR_SYN_0000434','TRD000009','30/06/2025',181,600.99,230,138227.7,0,0,69.11,69.11,0,0,138158.59,0,1),('PF000003','COMP004','TR_SYN_0000448','TRD000001','14/02/2025',45,625.25,878,548969.5,208505.88,104.26,274.48,378.74,237.5969704,208610.14,340084.88,1.630241368,1),('PF000003','COMP004','TR_SYN_0000476','TRD000014','14/05/2025',134,684.35,564,385973.4,361349.16,180.6709375,192.99,373.6609375,641.0103385,361529.8309,24250.57906,0.067077671,1),('PF000003','COMP004','TR_SYN_0000083','TRD000027','20/03/2025',79,673.55,491,330713.05,292212.18,146.1090625,165.36,311.4690625,595.4343973,292358.2891,38189.40094,0.13062534,1),('PF000003','COMP005','TR_SYN_0000057','TRD000008','5/05/2025',125,238.96,419,100124.24,96135.36,48.06744489,50.06,98.12744489,229.5547194,96183.42744,3890.752555,0.040451382,1),('PF000003','COMP005','TR_SYN_0000088','TRD000023','27/01/2025',27,254.1,262,66574.2,60113.28,30.05649299,33.29,63.34649299,229.5547194,60143.33649,6397.573507,0.106372108,1),('PF000003','COMP006','TR_SYN_0000217','TRD000018','4/02/2025',35,236.56,560,132473.6,137452,68.72962963,66.24,134.9696296,245.5727315,137520.7296,-5113.36963,-0.037182537,0),('PF000003','COMP007','TR_SYN_0000416','TRD000016','10/04/2025',100,540.99,922,498792.78,446488.05,223.24,249.4,472.64,484.5024837,446711.29,51832.09,0.116030401,1),('PF000003','COMP007','TR_SYN_0000478','TRD000005','11/03/2025',70,582.94,922,537470.68,0,0,268.74,268.74,0,0,537201.94,0,1),('PF000003','COMP007','TR_SYN_0000144','TRD000025','20/03/2025',79,568.88,384,218449.92,0,0,109.22,109.22,0,0,218340.7,0,1),('PF000003','COMP007','TR_SYN_0000333','TRD000027','27/06/2025',178,582.11,94,54718.34,53604.44,26.80165289,27.36,54.16165289,570.545124,53631.24165,1059.738347,0.019759721,1),('PF000003','COMP007','TR_SYN_0000039','TRD000025','4/06/2025',155,620.78,181,112361.18,103217.06,51.60743802,56.18,107.787438,570.545124,103268.6674,9036.332562,0.087503139,1),('PF000003','COMP007','TR_SYN_0000087','TRD000001','2/01/2025',2,588.46,218,128284.28,50182.88,25.09090909,64.14,89.23090909,230.3117932,50207.97091,78012.16909,1.553780559,1),('PF000003','COMP008','TR_SYN_0000186','TRD000008','8/04/2025',98,1047.57,433,453597.81,0,0,226.8,226.8,0,0,453371.01,0,1),('PF000003','COMP008','TR_SYN_0000019','TRD000026','25/06/2025',176,1028.25,867,891492.75,0,0,445.75,445.75,0,0,891047,0,1),('PF000003','COMP008','TR_SYN_0000491','TRD000015','27/03/2025',86,1285.65,460,591399,0,0,295.7,295.7,0,0,591103.3,0,1),('PF000003','COMP008','TR_SYN_0000109','TRD000013','6/05/2025',126,1248.39,117,146061.63,0,0,73.03,73.03,0,0,145988.6,0,1),('PF000003','COMP008','TR_SYN_0000056','TRD000003','28/01/2025',28,1366.78,965,1318942.7,848162.47,424.08,659.47,1083.55,879.3643005,848586.55,469696.68,0.553504743,1),('PF000003','COMP008','TR_SYN_0000310','TRD000006','25/03/2025',84,1435.97,270,387711.9,0,0,193.86,193.86,0,0,387518.04,0,1),('PF000003','COMP008','TR_SYN_0000309','TRD000022','11/02/2025',42,1370.03,614,841198.42,289313.64,144.66,420.6,565.26,471.430456,289458.3,551319.52,1.904659566,1),('PF000004','COMP001','TR_SYN_0000172','TRD000010','14/05/2025',134,732.03,174,127373.22,0,0,63.69,63.69,0,0,127309.53,0,1),('PF000004','COMP001','TR_SYN_0000499','TRD000004','14/05/2025',134,771.17,21,16194.57,15965.25,7.98273913,8.1,16.08273913,760.6301304,15973.23274,213.2372609,0.013349662,1),('PF000004','COMP003','TR_SYN_0000102','TRD000023','20/05/2025',140,2172.18,891,1935412.38,673232,336.62,967.71,1304.33,755.9692705,673568.62,1260876.05,1.871934073,1),('PF000004','COMP004','TR_SYN_0000481','TRD000020','28/01/2025',28,617.55,810,500215.5,486137.7,243.0705114,250.11,493.1805114,600.4700871,486380.7705,13584.61949,0.027930009,1),('PF000004','COMP004','TR_SYN_0000406','TRD000013','5/03/2025',64,631.78,959,605877.02,177341.5,88.66948857,302.94,391.6094886,185.015818,177430.1695,428143.9105,2.413027682,1),('PF000004','COMP004','TR_SYN_0000371','TRD000013','24/02/2025',55,676.3,296,200184.8,197248.48,98.6237247,100.09,198.7137247,666.7131883,197347.1037,2737.606275,0.013872037,1),('PF000004','COMP005','TR_SYN_0000033','TRD000014','7/04/2025',97,232,553,128296,0,0,64.15,64.15,0,0,128231.85,0,1),('PF000004','COMP005','TR_SYN_0000328','TRD000015','3/03/2025',62,232.55,854,198597.7,0,0,99.3,99.3,0,0,198498.4,0,1),('PF000004','COMP005','TR_SYN_0000208','TRD000008','17/02/2025',48,230.82,666,153726.12,0,0,76.86,76.86,0,0,153649.26,0,1),('PF000004','COMP005','TR_SYN_0000117','TRD000007','14/01/2025',14,246.01,83,20418.83,0,0,10.21,10.21,0,0,20408.62,0,1),('PF000004','COMP006','TR_SYN_0000384','TRD000008','8/04/2025',98,234.32,337,78965.84,78854.63,39.42619501,39.48,78.90619501,234.1069917,78894.0562,32.30380499,0.000409458,1),('PF000004','COMP006','TR_SYN_0000343','TRD000012','5/02/2025',36,243.78,895,218183.1,214355.47,107.172816,109.09,216.262816,239.6230646,214462.6428,3611.367184,0.016839143,1),('PF000004','COMP006','TR_SYN_0000474','TRD000025','3/04/2025',93,246.17,656,161487.52,38224.55,19.11098901,80.74,99.85098901,58.2982637,38243.66099,123163.119,3.220484541,1),('PF000004','COMP006','TR_SYN_0000041','TRD000018','12/06/2025',163,226.75,993,225162.75,0,0,112.58,112.58,0,0,225050.17,0,1),('PF000004','COMP007','TR_SYN_0000031','TRD000015','7/05/2025',127,452.75,922,417435.5,0,0,208.72,208.72,0,0,417226.78,0,1),('PF000004','COMP007','TR_SYN_0000353','TRD000024','1/01/2025',1,585.7,711,416432.7,0,0,208.22,208.22,0,0,416224.48,0,1),('PF000004','COMP008','TR_SYN_0000054','TRD000003','18/02/2025',49,1379.83,770,1062469.1,857611.45,428.8117788,531.23,960.0417788,1114.338002,858040.2618,203897.6082,0.237631749,1),('PF000005','COMP001','TR_SYN_0000438','TRD000003','12/05/2025',132,775.37,420,325655.4,0,0,162.83,162.83,0,0,325492.57,0,1),('PF000005','COMP001','TR_SYN_0000275','TRD000006','10/03/2025',69,739.55,735,543569.25,0,0,271.78,271.78,0,0,543297.47,0,1),('PF000005','COMP001','TR_SYN_0000282','TRD000026','24/03/2025',83,800.67,726,581286.42,0,0,290.64,290.64,0,0,580995.78,0,1),('PF000005','COMP001','TR_SYN_0000402','TRD000024','25/04/2025',115,804.74,154,123929.96,0,0,61.96,61.96,0,0,123868,0,1),('PF000005','COMP002','TR_SYN_0000124','TRD000003','3/03/2025',62,1238.84,997,1235123.48,0,0,617.56,617.56,0,0,1234505.92,0,1),('PF000005','COMP002','TR_SYN_0000286','TRD000026','21/05/2025',141,1187.55,66,78378.3,0,0,39.19,39.19,0,0,78339.11,0,1),('PF000005','COMP002','TR_SYN_0000298','TRD000030','27/02/2025',58,1217.55,635,773144.25,0,0,386.57,386.57,0,0,772757.68,0,1),('PF000005','COMP002','TR_SYN_0000195','TRD000006','16/01/2025',16,1233.91,149,183852.59,192314.3,96.15611227,91.93,188.0861123,1291.345343,192410.4561,-8649.796112,-0.044954917,0),('PF000005','COMP002','TR_SYN_0000413','TRD000023','12/03/2025',71,1285.5,82,105411,105837.4,52.9181289,52.71,105.6281289,1291.345343,105890.3181,-532.0281289,-0.005024332,0),('PF000005','COMP003','TR_SYN_0000037','TRD000001','6/02/2025',37,2194.71,923,2025717.33,1911700.34,955.8495565,1012.86,1968.709557,2072.21689,1912656.19,112048.2804,0.058582552,1),('PF000005','COMP004','TR_SYN_0000181','TRD000006','7/05/2025',127,651.93,202,131689.86,122656.42,61.32905747,65.84,127.1690575,607.5136092,122717.7491,8906.270943,0.072575247,1),('PF000005','COMP005','TR_SYN_0000147','TRD000026','22/05/2025',142,232.66,755,175658.3,159815.17,79.91,87.83,167.74,211.7815629,159895.08,15675.39,0.098035474,1),('PF000005','COMP005','TR_SYN_0000051','TRD000009','4/04/2025',94,245.53,164,40266.92,38379.28,19.18919708,20.13,39.31919708,234.1370073,38398.4692,1848.320803,0.048135273,1),('PF000005','COMP005','TR_SYN_0000483','TRD000025','26/02/2025',57,265.17,616,163344.72,144156.32,72.07649635,81.67,153.7464964,234.1370073,144228.3965,19034.6535,0.131975769,1),('PF000005','COMP006','TR_SYN_0000098','TRD000021','4/02/2025',35,230.88,170,39249.6,41306.6,20.655,19.62,40.275,243.1015,41327.255,-2097.275,-0.050747987,0),('PF000005','COMP006','TR_SYN_0000393','TRD000003','4/02/2025',35,232.29,363,84321.27,85672.7,42.83735484,42.16,84.99735484,236.1309569,85715.53735,-1436.427355,-0.016758074,0),('PF000005','COMP007','TR_SYN_0000101','TRD000015','26/06/2025',177,584.75,717,419265.75,379206.96,189.6017791,209.63,399.2317791,529.1444376,379396.5618,39659.55822,0.104533257,1),('PF000005','COMP007','TR_SYN_0000213','TRD000030','31/01/2025',31,584.11,846,494157.06,471522.78,235.7619309,247.08,482.8419309,557.6342103,471758.5419,22151.43807,0.046955033,1),('PF000005','COMP007','TR_SYN_0000350','TRD000023','17/03/2025',76,570.15,887,505723.05,201231.18,100.61629,252.86,353.47629,226.9806046,201331.7963,304138.3937,1.510632693,1),('PF000005','COMP007','TR_SYN_0000289','TRD000023','7/03/2025',66,568.85,211,120027.35,120267.89,60.135,60.01,120.145,570.275,120328.025,-360.685,-0.002997515,0),('PF000005','COMP008','TR_SYN_0000317','TRD000008','11/03/2025',70,1041.86,31,32297.66,30817.1,15.40855649,16.15,31.55855649,994.5970502,30832.50856,1449.001444,0.046995899,1),('PF000006','COMP001','TR_SYN_0000134','TRD000015','3/02/2025',34,769.43,189,145422.27,0,0,72.71,72.71,0,0,145349.56,0,1),('PF000006','COMP001','TR_SYN_0000138','TRD000019','7/03/2025',66,759.58,787,597789.46,0,0,298.89,298.89,0,0,597490.57,0,1),('PF000006','COMP001','TR_SYN_0000444','TRD000028','6/06/2025',157,801.23,928,743541.44,718694.38,359.3455083,371.77,731.1155083,774.8423766,719053.7255,24115.94449,0.033538446,1),('PF000006','COMP002','TR_SYN_0000347','TRD000010','17/06/2025',168,1193.78,879,1049332.62,0,0,524.67,524.67,0,0,1048807.95,0,1),('PF000006','COMP002','TR_SYN_0000378','TRD000008','7/01/2025',7,1268.87,550,697878.5,677007.1,338.5047977,348.94,687.4447977,1231.537463,677345.6048,20183.9552,0.029798607,1),('PF000006','COMP002','TR_SYN_0000425','TRD000022','19/05/2025',139,1298.26,385,499830.1,236527.83,118.2652023,249.92,368.1852023,614.6651823,236646.0952,262934.0848,1.111085668,1),('PF000006','COMP002','TR_SYN_0000432','TRD000009','29/01/2025',29,1332.2,846,1127041.2,1067105.16,533.55,563.52,1097.07,1261.984291,1067638.71,58838.97,0.055111312,1),('PF000006','COMP002','TR_SYN_0000487','TRD000016','25/02/2025',56,1271.2,972,1235606.4,1193096.58,596.5465358,617.8,1214.346536,1228.079348,1193693.127,41295.47346,0.034594715,1),('PF000006','COMP003','TR_SYN_0000285','TRD000019','14/02/2025',45,2174.57,537,1167744.09,0,0,583.87,583.87,0,0,1167160.22,0,1),('PF000006','COMP003','TR_SYN_0000072','TRD000010','19/02/2025',50,2256.92,339,765095.88,729151.71,364.5798317,382.55,747.1298317,2151.965457,729516.2898,35197.04017,0.048247093,1),('PF000006','COMP004','TR_SYN_0000244','TRD000028','16/06/2025',167,618.51,400,247404,0,0,123.7,123.7,0,0,247280.3,0,1),('PF000006','COMP004','TR_SYN_0000304','TRD000001','28/01/2025',28,652.03,977,637033.31,612926.32,306.4569464,318.52,624.9769464,627.6691678,613232.7769,23482.01305,0.038292169,1),('PF000006','COMP005','TR_SYN_0000367','TRD000001','2/06/2025',153,230.11,164,37738.04,0,0,18.87,18.87,0,0,37719.17,0,1),('PF000006','COMP005','TR_SYN_0000297','TRD000024','24/06/2025',175,246.11,244,60050.84,62520.12,31.26013304,30.03,61.29013304,256.3581153,62551.38013,-2530.570133,-0.040455864,0),('PF000006','COMP005','TR_SYN_0000245','TRD000019','9/04/2025',99,253.53,41,10394.73,10505.43,5.252727273,5.2,10.45272727,256.3581153,10510.68273,-121.1527273,-0.011526628,0),('PF000006','COMP005','TR_SYN_0000331','TRD000009','26/03/2025',85,258.6,301,77838.6,77125.23,38.5627051,38.92,77.4827051,256.3581153,77163.79271,635.8872949,0.008240747,1),('PF000006','COMP006','TR_SYN_0000089','TRD000027','14/04/2025',104,237.47,511,121347.17,109877.13,54.94,60.67,115.61,215.1312524,109932.07,11354.43,0.103285875,1),('PF000006','COMP006','TR_SYN_0000471','TRD000005','22/05/2025',142,215.63,713,153744.19,169087.95,84.54569038,76.87,161.4156904,237.2685774,169172.4957,-15505.17569,-0.091653053,0),('PF000006','COMP007','TR_SYN_0000066','TRD000027','29/05/2025',149,453.22,162,73421.64,0,0,36.71,36.71,0,0,73384.93,0,1),('PF000006','COMP007','TR_SYN_0000390','TRD000024','7/02/2025',38,480.54,675,324364.5,0,0,162.18,162.18,0,0,324202.32,0,1),('PF000006','COMP007','TR_SYN_0000295','TRD000009','6/06/2025',157,512.34,196,100418.64,0,0,50.21,50.21,0,0,100368.43,0,1),('PF000006','COMP007','TR_SYN_0000470','TRD000003','5/05/2025',125,551.13,55,30312.15,0,0,15.16,15.16,0,0,30296.99,0,1),('PF000006','COMP007','TR_SYN_0000322','TRD000023','4/03/2025',63,571.29,287,163960.23,0,0,81.98,81.98,0,0,163878.25,0,1),('PF000006','COMP007','TR_SYN_0000344','TRD000026','31/01/2025',31,578.16,32,18501.12,0,0,9.25,9.25,0,0,18491.87,0,1),('PF000006','COMP007','TR_SYN_0000338','TRD000028','16/05/2025',136,601.14,936,562667.04,0,0,281.33,281.33,0,0,562385.71,0,1),('PF000006','COMP007','TR_SYN_0000023','TRD000024','4/02/2025',35,597.48,887,529964.76,0,0,264.98,264.98,0,0,529699.78,0,1),('PF000006','COMP008','TR_SYN_0000112','TRD000015','2/04/2025',92,1038.8,803,834156.4,355636.26,177.82,417.08,594.9,443.1059527,355814.08,477925.24,1.343188105,1),('PF000006','COMP008','TR_SYN_0000464','TRD000019','9/05/2025',129,1058.01,696,736374.96,0,0,368.19,368.19,0,0,736006.77,0,1),('PF000006','COMP008','TR_SYN_0000379','TRD000011','19/06/2025',170,1030.92,871,897931.32,0,0,448.97,448.97,0,0,897482.35,0,1),('PF000007','COMP001','TR_SYN_0000399','TRD000018','14/03/2025',73,798.76,766,611850.16,0,0,305.93,305.93,0,0,611544.23,0,1),('PF000007','COMP001','TR_SYN_0000065','TRD000005','13/05/2025',133,806.08,512,412712.96,0,0,206.36,206.36,0,0,412506.6,0,1),('PF000007','COMP001','TR_SYN_0000191','TRD000006','12/02/2025',43,748.47,741,554616.27,563688.9,281.8467133,277.31,559.1567133,761.0941251,563970.7467,-9631.786713,-0.017078522,0),('PF000007','COMP001','TR_SYN_0000373','TRD000002','11/06/2025',162,747,66,49302,49933.62,24.96692308,24.65,49.61692308,756.9482867,49958.58692,-681.2369231,-0.013636033,0),('PF000007','COMP001','TR_SYN_0000391','TRD000016','16/06/2025',167,768.45,113,86834.85,84595.71,42.29886364,43.42,85.71886364,749.008928,84638.00886,2153.421136,0.02544272,1),('PF000007','COMP001','TR_SYN_0000059','TRD000024','26/05/2025',146,834.19,803,669854.57,86777.1,43.3875,334.93,378.3175,108.1201588,86820.4875,582699.1525,6.711539745,1),('PF000007','COMP002','TR_SYN_0000466','TRD000003','12/06/2025',163,1231.9,34,41884.6,0,0,20.94,20.94,0,0,41863.66,0,1),('PF000007','COMP002','TR_SYN_0000325','TRD000017','18/02/2025',49,1230.12,206,253404.72,267184.12,133.5918616,126.7,260.2918616,1297.658795,267317.7119,-14039.69186,-0.05252062,0),('PF000007','COMP002','TR_SYN_0000024','TRD000020','12/03/2025',71,1284.21,575,738420.75,753750.25,376.8720167,369.21,746.0820167,1311.52543,754127.122,-16075.58202,-0.021316807,0),('PF000007','COMP003','TR_SYN_0000177','TRD000008','20/02/2025',51,2148.14,488,1048292.32,985052.4,492.5255405,524.15,1016.675541,2019.559274,985544.9255,62223.24446,0.063135878,1),('PF000007','COMP003','TR_SYN_0000261','TRD000005','11/03/2025',70,2132.76,974,2077308.24,1178030.42,589.0144595,1038.65,1627.664459,1210.081555,1178619.434,897650.1555,0.761611534,1),('PF000007','COMP003','TR_SYN_0000497','TRD000001','12/03/2025',71,2139.5,206,440737,0,0,220.37,220.37,0,0,440516.63,0,1),('PF000007','COMP003','TR_SYN_0000003','TRD000012','26/02/2025',57,2156.16,787,1696897.92,0,0,848.45,848.45,0,0,1696049.47,0,1),('PF000007','COMP004','TR_SYN_0000361','TRD000028','2/05/2025',122,605.7,685,414904.5,0,0,207.45,207.45,0,0,414697.05,0,1),('PF000007','COMP005','TR_SYN_0000127','TRD000028','9/04/2025',99,227.33,55,12503.15,0,0,6.25,6.25,0,0,12496.9,0,1),('PF000007','COMP005','TR_SYN_0000463','TRD000015','29/05/2025',149,236.99,150,35548.5,34905,17.45337423,17.77,35.22337423,232.8163558,34922.45337,608.2766258,0.017417924,1),('PF000007','COMP005','TR_SYN_0000035','TRD000013','31/03/2025',90,233.74,212,49552.88,49332.4,24.66743558,24.78,49.44743558,232.8163558,49357.06744,171.0325644,0.003465209,1),('PF000007','COMP005','TR_SYN_0000178','TRD000030','15/04/2025',105,257.04,618,158850.72,146031.15,73.01919018,79.43,152.4491902,236.4145133,146104.1692,12667.12081,0.086699243,1),('PF000007','COMP006','TR_SYN_0000385','TRD000028','29/05/2025',149,243.86,372,90715.92,88543.44,44.27046358,45.36,89.63046358,238.1390066,88587.71046,2082.849536,0.023511721,1),('PF000007','COMP007','TR_SYN_0000123','TRD000015','1/04/2025',91,486.92,442,215218.64,0,0,107.61,107.61,0,0,215111.03,0,1),('PF000007','COMP007','TR_SYN_0000370','TRD000023','18/04/2025',108,544.72,573,312124.56,0,0,156.06,156.06,0,0,311968.5,0,1),('PF000007','COMP007','TR_SYN_0000146','TRD000013','28/03/2025',87,588.69,765,450347.85,0,0,225.17,225.17,0,0,450122.68,0,1),('PF000007','COMP007','TR_SYN_0000376','TRD000024','6/01/2025',6,591.8,801,474031.8,0,0,237.02,237.02,0,0,473794.78,0,1),('PF000007','COMP008','TR_SYN_0000473','TRD000012','24/01/2025',24,974.03,823,801626.69,0,0,400.81,400.81,0,0,801225.88,0,1),('PF000007','COMP008','TR_SYN_0000467','TRD000026','16/04/2025',106,1061.79,167,177318.93,0,0,88.66,88.66,0,0,177230.27,0,1),('PF000007','COMP008','TR_SYN_0000047','TRD000001','6/05/2025',126,1251.59,24,30038.16,29726.4,14.86306931,15.02,29.88306931,1239.219295,29741.26307,281.8769307,0.009477638,1),('PF000008','COMP001','TR_SYN_0000418','TRD000029','25/06/2025',176,764.27,186,142154.22,143247.9,71.62215686,71.08,142.7021569,770.5350654,143319.5222,-1236.382157,-0.008626753,0),('PF000008','COMP001','TR_SYN_0000435','TRD000007','1/01/2025',1,818.2,736,602195.2,583414.45,291.7083037,301.1,592.8083037,793.0790194,583706.1583,18187.9417,0.031159414,1),('PF000008','COMP001','TR_SYN_0000312','TRD000012','23/05/2025',143,763.61,121,92396.81,98082.6,49.04082237,46.2,95.24082237,811.0052961,98131.64082,-5781.030822,-0.058910977,0),('PF000008','COMP001','TR_SYN_0000110','TRD000016','26/06/2025',177,775.93,90,69833.7,72954,36.47664474,34.92,71.39664474,811.0052961,72990.47664,-3191.696645,-0.043727576,0),('PF000008','COMP002','TR_SYN_0000363','TRD000004','19/06/2025',170,1233.11,362,446385.82,0,0,223.19,223.19,0,0,446162.63,0,1),('PF000008','COMP002','TR_SYN_0000253','TRD000019','28/01/2025',28,1279.85,181,231652.85,60152.5,30.08,115.83,145.91,332.500442,60182.58,171354.44,2.847243172,1),('PF000008','COMP002','TR_SYN_0000452','TRD000005','16/06/2025',167,1300.2,418,543483.6,471403.26,235.7,271.74,507.44,1128.322871,471638.96,71572.9,0.151753579,1),('PF000008','COMP002','TR_SYN_0000355','TRD000008','11/03/2025',70,1254.46,913,1145321.98,466758.92,233.38,572.66,806.04,511.4921139,466992.3,677757.02,1.451323758,1),('PF000008','COMP002','TR_SYN_0000479','TRD000009','4/02/2025',35,1301.26,11,14313.86,13744.17,6.872105263,7.16,14.03210526,1250.094737,13751.04211,555.6578947,0.040408421,1),('PF000008','COMP003','TR_SYN_0000266','TRD000027','31/03/2025',90,1994.02,88,175473.76,0,0,87.74,87.74,0,0,175386.02,0,1),('PF000008','COMP003','TR_SYN_0000052','TRD000004','27/03/2025',86,2226.41,931,2072787.71,1155221.25,577.61,1036.39,1614,1241.45957,1155798.86,915952.46,0.792484308,1),('PF000008','COMP004','TR_SYN_0000215','TRD000016','10/01/2025',10,644.04,920,592516.8,230006.82,115,296.26,411.26,250.132413,230121.82,362098.72,1.573508848,1),('PF000008','COMP004','TR_SYN_0000360','TRD000014','6/01/2025',6,643.51,666,428577.66,0,0,214.29,214.29,0,0,428363.37,0,1),('PF000008','COMP004','TR_SYN_0000114','TRD000030','2/01/2025',2,648.78,864,560545.92,0,0,280.27,280.27,0,0,560265.65,0,1),('PF000008','COMP004','TR_SYN_0000494','TRD000029','22/04/2025',112,621.7,562,349395.4,0,0,174.7,174.7,0,0,349220.7,0,1),('PF000008','COMP004','TR_SYN_0000092','TRD000028','8/01/2025',8,664.41,319,211946.79,0,0,105.97,105.97,0,0,211840.82,0,1),('PF000008','COMP004','TR_SYN_0000263','TRD000006','14/05/2025',134,664.52,655,435260.6,0,0,217.63,217.63,0,0,435042.97,0,1),('PF000008','COMP005','TR_SYN_0000441','TRD000028','17/06/2025',168,231.43,677,156678.11,158120.12,79.06205426,78.34,157.4020543,233.6767829,158199.1821,-1599.412054,-0.010110116,0),('PF000008','COMP005','TR_SYN_0000185','TRD000027','31/01/2025',31,244.47,583,142526.01,137381.02,68.68749492,71.26,139.9474949,235.7627916,137449.7075,5005.042505,0.036413628,1),('PF000008','COMP005','TR_SYN_0000437','TRD000009','20/03/2025',79,256.85,728,186986.8,101586.38,50.79045082,93.49,144.2804508,139.6114979,101637.1705,85256.13955,0.838828346,1),('PF000008','COMP006','TR_SYN_0000465','TRD000028','15/05/2025',135,231.88,235,54491.8,0,0,27.25,27.25,0,0,54464.55,0,1),('PF000008','COMP006','TR_SYN_0000100','TRD000016','5/02/2025',36,237.07,198,46939.86,0,0,23.47,23.47,0,0,46916.39,0,1),('PF000008','COMP006','TR_SYN_0000387','TRD000016','12/05/2025',132,214.2,403,86322.6,95793.1,47.8951843,43.16,91.0551843,237.8188466,95840.99518,-9561.555184,-0.099764774,0),('PF000008','COMP007','TR_SYN_0000020','TRD000022','6/02/2025',37,553.74,444,245860.56,240596.85,120.3020066,122.93,243.2320066,542.1557478,240717.152,5020.477993,0.020856337,1),('PF000008','COMP007','TR_SYN_0000359','TRD000001','16/06/2025',167,596.24,349,208087.76,189859.49,94.93029605,104.04,198.9702961,544.2820066,189954.4203,18029.2997,0.09491382,1),('PF000008','COMP007','TR_SYN_0000337','TRD000014','15/05/2025',135,603.33,263,158675.79,143254.58,71.62769737,79.34,150.9676974,544.9665692,143326.2077,15270.2423,0.106541871,1),('PF000008','COMP008','TR_SYN_0000388','TRD000026','12/03/2025',71,1366.97,171,233751.87,227710.35,113.8527132,116.88,230.7327132,1332.305279,227824.2027,5810.787287,0.025505575,1),('PF000008','COMP008','TR_SYN_0000230','TRD000028','27/06/2025',178,1382.74,76,105088.24,101868.12,50.93374677,52.54,103.4737468,1341.040181,101919.0537,3116.646253,0.030579623,1),('PF000009','COMP002','TR_SYN_0000377','TRD000019','10/03/2025',69,1196.23,726,868462.98,0,0,434.23,434.23,0,0,868028.75,0,1),('PF000009','COMP003','TR_SYN_0000227','TRD000018','10/06/2025',161,2054.48,382,784811.36,0,0,392.41,392.41,0,0,784418.95,0,1),('PF000009','COMP003','TR_SYN_0000293','TRD000019','27/02/2025',58,2172.57,130,282434.1,274882.4,137.4420959,141.22,278.6620959,2115.537247,275019.8421,7273.037904,0.026445502,1),('PF000009','COMP003','TR_SYN_0000074','TRD000011','5/05/2025',125,2148.98,83,178365.34,175501.84,87.75149201,89.18,176.931492,2115.537247,175589.5915,2686.568508,0.015300272,1),('PF000009','COMP004','TR_SYN_0000419','TRD000027','25/04/2025',115,617.91,964,595665.24,141877.8,70.94,297.83,368.77,147.2497303,141948.74,453418.67,3.194242302,1),('PF000009','COMP004','TR_SYN_0000397','TRD000022','13/01/2025',13,627.3,906,568333.8,0,0,284.17,284.17,0,0,568049.63,0,1),('PF000009','COMP004','TR_SYN_0000403','TRD000012','24/02/2025',55,631.66,985,622185.1,581880.5,290.94,311.09,602.03,591.0369949,582171.44,39702.57,0.068197385,1),('PF000009','COMP004','TR_SYN_0000086','TRD000020','16/04/2025',106,667.06,562,374887.72,0,0,187.44,187.44,0,0,374700.28,0,1),('PF000009','COMP005','TR_SYN_0000247','TRD000030','1/04/2025',91,232.36,91,21144.76,0,0,10.57,10.57,0,0,21134.19,0,1),('PF000009','COMP005','TR_SYN_0000280','TRD000024','18/04/2025',108,234.26,880,206148.8,206666.75,103.3314286,103.07,206.4014286,234.9660016,206770.0814,-724.3514286,-0.003503173,0),('PF000009','COMP005','TR_SYN_0000145','TRD000004','15/01/2025',15,249.85,275,68708.75,65097.75,32.54848719,34.35,66.89848719,236.837449,65130.29849,3544.101513,0.054415558,1),('PF000009','COMP005','TR_SYN_0000141','TRD000001','18/02/2025',49,260.02,316,82166.32,74831.96,37.41424789,41.08,78.49424789,236.9283995,74869.37425,7255.865752,0.096913669,1),('PF000009','COMP005','TR_SYN_0000009','TRD000027','2/01/2025',2,255.49,857,218954.93,202470.53,101.2333776,109.48,210.7133776,236.3731195,202571.7634,16273.68662,0.080335415,1),('PF000009','COMP006','TR_SYN_0000073','TRD000021','14/04/2025',104,240.8,999,240559.2,0,0,120.28,120.28,0,0,240438.92,0,1),('PF000009','COMP006','TR_SYN_0000316','TRD000009','28/04/2025',118,235.05,222,52181.1,0,0,26.09,26.09,0,0,52155.01,0,1),('PF000009','COMP006','TR_SYN_0000068','TRD000023','18/06/2025',169,231.98,354,82120.92,0,0,41.06,41.06,0,0,82079.86,0,1),('PF000009','COMP006','TR_SYN_0000488','TRD000020','22/04/2025',112,235.57,814,191753.98,0,0,95.88,95.88,0,0,191658.1,0,1),('PF000009','COMP006','TR_SYN_0000081','TRD000002','14/01/2025',14,246.09,509,125259.81,0,0,62.63,62.63,0,0,125197.18,0,1),('PF000009','COMP006','TR_SYN_0000218','TRD000008','23/04/2025',113,244.94,972,238081.68,0,0,119.04,119.04,0,0,237962.64,0,1),('PF000009','COMP007','TR_SYN_0000028','TRD000015','1/01/2025',1,595.1,627,373127.7,333283.95,166.6456696,186.56,353.2056696,531.8191318,333450.5957,39490.54433,0.118429971,1),('PF000009','COMP007','TR_SYN_0000269','TRD000008','22/04/2025',112,583.85,100,58385,57012,28.50669643,29.19,57.69669643,570.405067,57040.5067,1315.303304,0.02305911,1),('PF000009','COMP008','TR_SYN_0000199','TRD000007','24/03/2025',83,991.56,223,221117.88,0,0,110.56,110.56,0,0,221007.32,0,1),('PF000009','COMP008','TR_SYN_0000485','TRD000009','11/06/2025',162,973.26,61,59368.86,59607.37,29.80335227,29.68,59.48335227,977.6585795,59637.17335,-297.9933523,-0.004996772,0),('PF000009','COMP008','TR_SYN_0000153','TRD000007','7/05/2025',127,1361.27,625,850793.75,610731.25,305.3622159,425.4,730.7622159,977.6585795,611036.6122,239331.7378,0.391681502,1),('PF000010','COMP001','TR_SYN_0000484','TRD000029','15/05/2025',135,766.69,666,510615.54,319240.92,159.62,255.31,414.93,479.5803904,319400.54,190959.69,0.597869027,1),('PF000010','COMP001','TR_SYN_0000254','TRD000002','5/05/2025',125,821.42,777,638243.34,587955.9,293.9756366,319.12,613.0956366,757.078347,588249.8756,49674.34436,0.084444292,1),('PF000010','COMP002','TR_SYN_0000394','TRD000014','11/04/2025',101,1220.47,744,908029.68,205873.89,102.94,454.01,556.95,276.850578,205976.83,701598.84,3.406202727,1),('PF000010','COMP002','TR_SYN_0000025','TRD000029','11/04/2025',101,1249.63,643,803512.09,0,0,401.76,401.76,0,0,803110.33,0,1),('PF000010','COMP003','TR_SYN_0000180','TRD000026','4/04/2025',94,1989.4,641,1275205.4,0,0,637.6,637.6,0,0,1274567.8,0,1),('PF000010','COMP003','TR_SYN_0000220','TRD000012','13/06/2025',164,2219.63,504,1118693.52,0,0,559.35,559.35,0,0,1118134.17,0,1),('PF000010','COMP003','TR_SYN_0000252','TRD000008','12/02/2025',43,2246.29,546,1226474.34,0,0,613.24,613.24,0,0,1225861.1,0,1),('PF000010','COMP003','TR_SYN_0000064','TRD000008','27/02/2025',58,2218.42,258,572352.36,0,0,286.18,286.18,0,0,572066.18,0,1),('PF000010','COMP003','TR_SYN_0000140','TRD000021','6/06/2025',157,2151.77,206,443264.62,0,0,221.63,221.63,0,0,443042.99,0,1),('PF000010','COMP003','TR_SYN_0000436','TRD000017','21/02/2025',52,2239.9,584,1308101.6,1228467.36,614.2311551,654.05,1268.281155,2104.591766,1229081.591,78365.95884,0.063759769,1),('PF000010','COMP004','TR_SYN_0000106','TRD000029','15/01/2025',15,626.77,407,255095.39,197612.12,98.8,127.55,226.35,485.7762162,197710.92,57256.92,0.289599178,1),('PF000010','COMP004','TR_SYN_0000477','TRD000007','17/01/2025',17,644.21,345,222252.45,0,0,111.13,111.13,0,0,222141.32,0,1),('PF000010','COMP005','TR_SYN_0000272','TRD000005','10/02/2025',41,256.48,777,199284.96,182400.75,91.19866044,99.64,190.8386604,234.8673728,182491.9487,16693.37134,0.091474563,1),('PF000010','COMP006','TR_SYN_0000267','TRD000028','7/03/2025',66,232.48,812,188773.76,191453.93,95.72957237,94.39,190.1195724,235.8985955,191549.6596,-2870.289572,-0.014984572,0),('PF000010','COMP006','TR_SYN_0000380','TRD000027','21/01/2025',21,244.76,679,166192.04,95206.29,47.60042763,83.1,130.7004276,140.2855529,95253.89043,70855.04957,0.743854653,1),('PF000010','COMP006','TR_SYN_0000223','TRD000009','22/01/2025',22,227.67,707,160962.69,0,0,80.48,80.48,0,0,160882.21,0,1),('PF000010','COMP006','TR_SYN_0000336','TRD000020','17/02/2025',48,242.5,247,59897.5,56331.96,28.17,29.95,58.12,228.178664,56360.13,3507.42,0.062232291,1),('PF000010','COMP007','TR_SYN_0000148','TRD000014','25/04/2025',115,540.85,222,120068.7,0,0,60.03,60.03,0,0,120008.67,0,1),('PF000010','COMP007','TR_SYN_0000450','TRD000027','6/02/2025',37,573.8,796,456744.8,0,0,228.37,228.37,0,0,456516.43,0,1),('PF000010','COMP007','TR_SYN_0000243','TRD000023','7/02/2025',38,585.1,874,511377.4,0,0,255.69,255.69,0,0,511121.71,0,1),('PF000010','COMP007','TR_SYN_0000042','TRD000022','23/04/2025',113,604.14,919,555204.66,532569.69,266.2814919,277.6,543.8814919,579.7997514,532835.9715,22091.08851,0.041459454,1),('PF000010','COMP008','TR_SYN_0000207','TRD000010','14/03/2025',73,1004.33,596,598580.68,62611.9,31.31,299.29,330.6,105.106057,62643.21,535638.18,8.550618335,1),('PF000010','COMP008','TR_SYN_0000173','TRD000005','16/01/2025',16,1040.85,411,427789.35,0,0,213.89,213.89,0,0,427575.46,0,1),('PF000010','COMP008','TR_SYN_0000219','TRD000002','28/02/2025',59,1223.36,786,961560.96,612835.2,306.42,480.78,787.2,780.0783969,613141.62,347938.56,0.567468508,1);
/*!40000 ALTER TABLE `facts_trades_pnl` ENABLE KEYS */;
UNLOCK TABLES;

--
-- Table structure for table `stocks`
--

DROP TABLE IF EXISTS `stocks`;
/*!40101 SET @saved_cs_client     = @@character_set_client */;
/*!50503 SET character_set_client = utf8mb4 */;
CREATE TABLE `stocks` (
  `﻿ticker` text,
  `company_name` text,
  `exchange` text,
  `sector` text,
  `currency` text,
  `share_price` int DEFAULT NULL,
  `outstanding_shares` int DEFAULT NULL,
  `market_cap` int DEFAULT NULL,
  `quantity` int DEFAULT NULL,
  `buy_price` double DEFAULT NULL,
  `initial_value` double DEFAULT NULL,
  `current_price` int DEFAULT NULL,
  `current_value` int DEFAULT NULL,
  `return_pct` double DEFAULT NULL
) ENGINE=InnoDB DEFAULT CHARSET=utf8mb4 COLLATE=utf8mb4_0900_ai_ci;
/*!40101 SET character_set_client = @saved_cs_client */;

--
-- Dumping data for table `stocks`
--

LOCK TABLES `stocks` WRITE;
/*!40000 ALTER TABLE `stocks` DISABLE KEYS */;
INSERT INTO `stocks` VALUES ('INFY','Infosys Ltd','NSE','IT','INR',1500,31800,477000,51,1362.54996,69490.04796,1500,76500,10.08770643),('TCS','Tata Consultancy Services','NSE','IT','INR',3200,36000,1152000,75,2918.018293,218851.372,3200,240000,9.66346604),('HDFC','HDFC Bank','NSE','Financials','INR',1450,25000,36250000,14,1395.894074,19542.51703,1450,20300,3.876076787),('RELI','Reliance Industries','NSE','Energy','INR',2600,64000,166400000,178,2222.485806,395602.4734,2600,462800,16.98612397),('WIPRO','Wipro Ltd','NSE','IT','INR',400,22000,8800000,102,385.4635632,39317.28345,400,40800,3.771157157),('AAPL','Apple Inc','NASDAQ','Technology','USD',170,16000,27200000,42,145.1020971,6094.288079,170,7140,17.15888562),('MSFT','Microsoft Corp','NASDAQ','Technology','USD',370,76000,28120000,142,316.1934021,44899.4631,370,52540,17.01698945),('AMZN','Amazon.com Inc','NASDAQ','Consumer Discretionary','USD',140,10000,1400000,82,133.0800736,10912.56604,140,11480,5.199821573),('GOOGL','Alphabet Inc','NASDAQ','Communication Services','USD',130,30000,39000,93,121.0945633,11261.79439,130,12090,7.354117667),('TSLA','Tesla Inc','NASDAQ','Automotive','USD',220,30000,660000,93,202.6486961,18846.32873,220,20460,8.562257872);
/*!40000 ALTER TABLE `stocks` ENABLE KEYS */;
UNLOCK TABLES;
/*!40103 SET TIME_ZONE=@OLD_TIME_ZONE */;

/*!40101 SET SQL_MODE=@OLD_SQL_MODE */;
/*!40014 SET FOREIGN_KEY_CHECKS=@OLD_FOREIGN_KEY_CHECKS */;
/*!40014 SET UNIQUE_CHECKS=@OLD_UNIQUE_CHECKS */;
/*!40101 SET CHARACTER_SET_CLIENT=@OLD_CHARACTER_SET_CLIENT */;
/*!40101 SET CHARACTER_SET_RESULTS=@OLD_CHARACTER_SET_RESULTS */;
/*!40101 SET COLLATION_CONNECTION=@OLD_COLLATION_CONNECTION */;
/*!40111 SET SQL_NOTES=@OLD_SQL_NOTES */;

-- Dump completed on 2025-12-16 20:47:05
#-----------------------------------------------------------------------------------------------------------------------------------#
#TOTAL Portfolio Value #
use finance;
SELECT 
    SUM(quantity * current_price) AS total_portfolio_value,
    SUM(quantity * buy_price) AS total_investment,
    SUM(share_price * outstanding_shares) AS total_market_cap
FROM stocks;

#-----------------------------------------------------------------------------------------------------------------------------------#

# Portfolio Value by Sector #
SELECT 
    sector,
    SUM(current_value) AS sector_portfolio_value
FROM stocks
GROUP BY sector;

#-----------------------------------------------------------------------------------------------------------------------------------#

# Top % Stocks by Portfolio Value #
SELECT 
    company_name,
    current_value
FROM stocks
ORDER BY current_value DESC
LIMIT 5;

#-----------------------------------------------------------------------------------------------------------------------------------#

# Total Trades By Portfolio #
SELECT 
    p.portfolio_name,
    COUNT(tr.trade_id) AS total_trades
FROM facts_trades tr
JOIN dim_portfolio p
    ON tr.portfolio_id = p.portfolio_id
GROUP BY p.portfolio_name
order by p.portfolio_name;
#-----------------------------------------------------------------------------------------------------------------------------------#

# Worst Performing Stocks #

SELECT 
    company_name,
    return_pct
FROM stocks
ORDER BY return_pct ASC
LIMIT 3;

#-----------------------------------------------------------------------------------------------------------------------------------#

# Monthly Trades Trend BY Trader #
SELECT 
    c.year,
    c.month,
    t.trader_name,
    COUNT(tr.trade_id) AS total_trades
FROM facts_trades tr
JOIN dim_trader t
    ON tr.trader_id = t.trader_id
JOIN dim_calendar c
    ON tr.calendar_id = c.calendar_id
GROUP BY 
    c.year, 
    c.month, 
    t.trader_name
ORDER BY 
    c.year, c.month, total_trades DESC;

#-----------------------------------------------------------------------------------------------------------------------------------#

# Monthly Trades Trend #
SELECT 
    cal.year,
    cal.month,
    COUNT(tr.trade_id) AS total_trades
FROM facts_trades tr
JOIN dim_calendar cal
    ON tr.calendar_id = cal.calendar_id
GROUP BY cal.year, cal.month
ORDER BY cal.year, cal.month;

#-----------------------------------------------------------------------------------------------------------------------------------#
